quant,tensor,code_agreement,max_abs_dequant_diff
int4_g128,down_blocks.0.attentions.0.transformer_blocks.0.attn2.to_k.weight,1.0,0.0
int4_g128,down_blocks.0.attentions.0.transformer_blocks.0.attn2.to_v.weight,1.0,0.0
int4_g128,down_blocks.0.attentions.1.transformer_blocks.0.attn2.to_k.weight,1.0,0.0
int4_g128,down_blocks.0.attentions.1.transformer_blocks.0.attn2.to_v.weight,1.0,0.0
int4_g128,down_blocks.1.attentions.0.transformer_blocks.0.attn2.to_k.weight,1.0,0.0
int4_g128,down_blocks.1.attentions.0.transformer_blocks.0.attn2.to_v.weight,1.0,0.0
int4_g128,down_blocks.1.attentions.1.transformer_blocks.0.attn2.to_k.weight,1.0,0.0
int4_g128,down_blocks.1.attentions.1.transformer_blocks.0.attn2.to_v.weight,1.0,0.0
int4_g128,down_blocks.2.attentions.0.transformer_blocks.0.attn2.to_k.weight,1.0,0.0
int4_g128,down_blocks.2.attentions.0.transformer_blocks.0.attn2.to_v.weight,1.0,0.0
int4_g128,down_blocks.2.attentions.1.transformer_blocks.0.attn2.to_k.weight,1.0,0.0
int4_g128,down_blocks.2.attentions.1.transformer_blocks.0.attn2.to_v.weight,1.0,0.0
int4_g128,up_blocks.1.attentions.0.transformer_blocks.0.attn2.to_k.weight,1.0,0.0
int4_g128,up_blocks.1.attentions.0.transformer_blocks.0.attn2.to_v.weight,1.0,0.0
int4_g128,up_blocks.1.attentions.1.transformer_blocks.0.attn2.to_k.weight,1.0,0.0
int4_g128,up_blocks.1.attentions.1.transformer_blocks.0.attn2.to_v.weight,1.0,0.0
int4_g128,up_blocks.1.attentions.2.transformer_blocks.0.attn2.to_k.weight,1.0,0.0
int4_g128,up_blocks.1.attentions.2.transformer_blocks.0.attn2.to_v.weight,1.0,0.0
int4_g128,up_blocks.2.attentions.0.transformer_blocks.0.attn2.to_k.weight,1.0,0.0
int4_g128,up_blocks.2.attentions.0.transformer_blocks.0.attn2.to_v.weight,1.0,0.0
int4_g128,up_blocks.2.attentions.1.transformer_blocks.0.attn2.to_k.weight,1.0,0.0
int4_g128,up_blocks.2.attentions.1.transformer_blocks.0.attn2.to_v.weight,1.0,0.0
int4_g128,up_blocks.2.attentions.2.transformer_blocks.0.attn2.to_k.weight,1.0,0.0
int4_g128,up_blocks.2.attentions.2.transformer_blocks.0.attn2.to_v.weight,1.0,0.0
int4_g128,up_blocks.3.attentions.0.transformer_blocks.0.attn2.to_k.weight,1.0,0.0
int4_g128,up_blocks.3.attentions.0.transformer_blocks.0.attn2.to_v.weight,1.0,0.0
int4_g128,up_blocks.3.attentions.1.transformer_blocks.0.attn2.to_k.weight,1.0,0.0
int4_g128,up_blocks.3.attentions.1.transformer_blocks.0.attn2.to_v.weight,1.0,0.0
int4_g128,up_blocks.3.attentions.2.transformer_blocks.0.attn2.to_k.weight,1.0,0.0
int4_g128,up_blocks.3.attentions.2.transformer_blocks.0.attn2.to_v.weight,1.0,0.0
int4_g128,mid_block.attentions.0.transformer_blocks.0.attn2.to_k.weight,1.0,0.0
int4_g128,mid_block.attentions.0.transformer_blocks.0.attn2.to_v.weight,1.0,0.0
nf4_g64,down_blocks.0.attentions.0.transformer_blocks.0.attn2.to_k.weight,1.0,0.0
nf4_g64,down_blocks.0.attentions.0.transformer_blocks.0.attn2.to_v.weight,1.0,0.0
nf4_g64,down_blocks.0.attentions.1.transformer_blocks.0.attn2.to_k.weight,1.0,0.0
nf4_g64,down_blocks.0.attentions.1.transformer_blocks.0.attn2.to_v.weight,1.0,0.0
nf4_g64,down_blocks.1.attentions.0.transformer_blocks.0.attn2.to_k.weight,1.0,0.0
nf4_g64,down_blocks.1.attentions.0.transformer_blocks.0.attn2.to_v.weight,1.0,0.0
nf4_g64,down_blocks.1.attentions.1.transformer_blocks.0.attn2.to_k.weight,1.0,0.0
nf4_g64,down_blocks.1.attentions.1.transformer_blocks.0.attn2.to_v.weight,1.0,0.0
nf4_g64,down_blocks.2.attentions.0.transformer_blocks.0.attn2.to_k.weight,1.0,0.0
nf4_g64,down_blocks.2.attentions.0.transformer_blocks.0.attn2.to_v.weight,1.0,0.0
nf4_g64,down_blocks.2.attentions.1.transformer_blocks.0.attn2.to_k.weight,1.0,0.0
nf4_g64,down_blocks.2.attentions.1.transformer_blocks.0.attn2.to_v.weight,1.0,0.0
nf4_g64,up_blocks.1.attentions.0.transformer_blocks.0.attn2.to_k.weight,1.0,0.0
nf4_g64,up_blocks.1.attentions.0.transformer_blocks.0.attn2.to_v.weight,1.0,0.0
nf4_g64,up_blocks.1.attentions.1.transformer_blocks.0.attn2.to_k.weight,1.0,0.0
nf4_g64,up_blocks.1.attentions.1.transformer_blocks.0.attn2.to_v.weight,1.0,0.0
nf4_g64,up_blocks.1.attentions.2.transformer_blocks.0.attn2.to_k.weight,1.0,0.0
nf4_g64,up_blocks.1.attentions.2.transformer_blocks.0.attn2.to_v.weight,1.0,0.0
nf4_g64,up_blocks.2.attentions.0.transformer_blocks.0.attn2.to_k.weight,1.0,0.0
nf4_g64,up_blocks.2.attentions.0.transformer_blocks.0.attn2.to_v.weight,1.0,0.0
nf4_g64,up_blocks.2.attentions.1.transformer_blocks.0.attn2.to_k.weight,1.0,0.0
nf4_g64,up_blocks.2.attentions.1.transformer_blocks.0.attn2.to_v.weight,1.0,0.0
nf4_g64,up_blocks.2.attentions.2.transformer_blocks.0.attn2.to_k.weight,1.0,0.0
nf4_g64,up_blocks.2.attentions.2.transformer_blocks.0.attn2.to_v.weight,1.0,0.0
nf4_g64,up_blocks.3.attentions.0.transformer_blocks.0.attn2.to_k.weight,1.0,0.0
nf4_g64,up_blocks.3.attentions.0.transformer_blocks.0.attn2.to_v.weight,1.0,0.0
nf4_g64,up_blocks.3.attentions.1.transformer_blocks.0.attn2.to_k.weight,1.0,0.0
nf4_g64,up_blocks.3.attentions.1.transformer_blocks.0.attn2.to_v.weight,1.0,0.0
nf4_g64,up_blocks.3.attentions.2.transformer_blocks.0.attn2.to_k.weight,1.0,0.0
nf4_g64,up_blocks.3.attentions.2.transformer_blocks.0.attn2.to_v.weight,1.0,0.0
nf4_g64,mid_block.attentions.0.transformer_blocks.0.attn2.to_k.weight,1.0,0.0
nf4_g64,mid_block.attentions.0.transformer_blocks.0.attn2.to_v.weight,1.0,0.0
w8a8_sq,down_blocks.0.attentions.0.transformer_blocks.0.attn2.to_k.weight,1.0,0.0
w8a8_sq,down_blocks.0.attentions.0.transformer_blocks.0.attn2.to_v.weight,1.0,0.0
w8a8_sq,down_blocks.0.attentions.1.transformer_blocks.0.attn2.to_k.weight,1.0,0.0
w8a8_sq,down_blocks.0.attentions.1.transformer_blocks.0.attn2.to_v.weight,1.0,0.0
w8a8_sq,down_blocks.1.attentions.0.transformer_blocks.0.attn2.to_k.weight,1.0,0.0
w8a8_sq,down_blocks.1.attentions.0.transformer_blocks.0.attn2.to_v.weight,1.0,0.0
w8a8_sq,down_blocks.1.attentions.1.transformer_blocks.0.attn2.to_k.weight,1.0,0.0
w8a8_sq,down_blocks.1.attentions.1.transformer_blocks.0.attn2.to_v.weight,1.0,0.0
w8a8_sq,down_blocks.2.attentions.0.transformer_blocks.0.attn2.to_k.weight,1.0,0.0
w8a8_sq,down_blocks.2.attentions.0.transformer_blocks.0.attn2.to_v.weight,1.0,0.0
w8a8_sq,down_blocks.2.attentions.1.transformer_blocks.0.attn2.to_k.weight,1.0,0.0
w8a8_sq,down_blocks.2.attentions.1.transformer_blocks.0.attn2.to_v.weight,1.0,0.0
w8a8_sq,up_blocks.1.attentions.0.transformer_blocks.0.attn2.to_k.weight,1.0,0.0
w8a8_sq,up_blocks.1.attentions.0.transformer_blocks.0.attn2.to_v.weight,1.0,0.0
w8a8_sq,up_blocks.1.attentions.1.transformer_blocks.0.attn2.to_k.weight,1.0,0.0
w8a8_sq,up_blocks.1.attentions.1.transformer_blocks.0.attn2.to_v.weight,1.0,0.0
w8a8_sq,up_blocks.1.attentions.2.transformer_blocks.0.attn2.to_k.weight,1.0,0.0
w8a8_sq,up_blocks.1.attentions.2.transformer_blocks.0.attn2.to_v.weight,1.0,0.0
w8a8_sq,up_blocks.2.attentions.0.transformer_blocks.0.attn2.to_k.weight,1.0,0.0
w8a8_sq,up_blocks.2.attentions.0.transformer_blocks.0.attn2.to_v.weight,1.0,0.0
w8a8_sq,up_blocks.2.attentions.1.transformer_blocks.0.attn2.to_k.weight,1.0,0.0
w8a8_sq,up_blocks.2.attentions.1.transformer_blocks.0.attn2.to_v.weight,1.0,0.0
w8a8_sq,up_blocks.2.attentions.2.transformer_blocks.0.attn2.to_k.weight,1.0,0.0
w8a8_sq,up_blocks.2.attentions.2.transformer_blocks.0.attn2.to_v.weight,1.0,0.0
w8a8_sq,up_blocks.3.attentions.0.transformer_blocks.0.attn2.to_k.weight,1.0,0.0
w8a8_sq,up_blocks.3.attentions.0.transformer_blocks.0.attn2.to_v.weight,1.0,0.0
w8a8_sq,up_blocks.3.attentions.1.transformer_blocks.0.attn2.to_k.weight,1.0,0.0
w8a8_sq,up_blocks.3.attentions.1.transformer_blocks.0.attn2.to_v.weight,1.0,0.0
w8a8_sq,up_blocks.3.attentions.2.transformer_blocks.0.attn2.to_k.weight,1.0,0.0
w8a8_sq,up_blocks.3.attentions.2.transformer_blocks.0.attn2.to_v.weight,1.0,0.0
w8a8_sq,mid_block.attentions.0.transformer_blocks.0.attn2.to_k.weight,1.0,0.0
w8a8_sq,mid_block.attentions.0.transformer_blocks.0.attn2.to_v.weight,1.0,0.0
