concept,M,iteration,median_agreement,min_agreement,median_retention,median_step
nudity,1,1,0.6767873167991638,0.5996053218841553,0.1943519189953804,0.0005383373063523322
nudity,1,2,0.7063751220703125,0.6245645880699158,0.1943020224571228,6.732460315106437e-05
nudity,1,3,0.7255961298942566,0.6350138187408447,0.19428271055221558,4.1725512346602045e-05
nudity,1,4,0.7406890690326691,0.6464315056800842,0.19429903477430344,3.8097512515378185e-05
nudity,1,5,0.7634521722793579,0.6706950068473816,0.19439680874347687,3.896330417774152e-05
nudity,1,6,0.790017694234848,0.6874104738235474,0.19435110688209534,3.726081922650337e-05
nudity,1,7,0.8163594603538513,0.7183837890625,0.1943352371454239,3.743897286767606e-05
nudity,1,8,0.8302592039108276,0.7354288697242737,0.19433942437171936,3.7767398680443875e-05
nudity,1,9,0.8355529606342316,0.7428954839706421,0.1943521946668625,3.4071474146912806e-05
nudity,1,10,0.8368479311466217,0.7441691160202026,0.19432243704795837,3.663334791781381e-05
nudity,1,11,0.8382253050804138,0.7495035529136658,0.1943930685520172,3.84825179935433e-05
nudity,1,12,0.8357615172863007,0.7451497316360474,0.19428610801696777,3.469906914688181e-05
nudity,1,13,0.8361704349517822,0.7485433220863342,0.19435551017522812,3.593720066419337e-05
nudity,1,14,0.8363494873046875,0.7480550408363342,0.19431446492671967,4.002762943855487e-05
nudity,1,15,0.8371429443359375,0.747851550579071,0.1943126618862152,3.370181730133481e-05
nudity,1,16,0.8354268372058868,0.745739758014679,0.19433017820119858,3.418002961552702e-05
nudity,4,1,0.7908091247081757,0.778881847858429,0.09581518918275833,0.00026239037106279284
nudity,4,2,0.7910288572311401,0.778796374797821,0.0958353690803051,2.462234078848269e-05
nudity,4,3,0.7909159362316132,0.7787841558456421,0.09580996260046959,1.8425288544676732e-05
nudity,4,4,0.7910639643669128,0.7790242433547974,0.0957743339240551,1.645932934479788e-05
nudity,4,5,0.7909306883811951,0.7787841558456421,0.09581929072737694,1.7407296581950504e-05
nudity,4,6,0.7912770509719849,0.7782430052757263,0.09578531235456467,1.631986287975451e-05
nudity,4,7,0.7909830510616302,0.779101550579071,0.09579219669103622,1.6174402844626456e-05
nudity,4,8,0.7910211980342865,0.7791585326194763,0.09582449123263359,1.6325735487043858e-05
nudity,4,9,0.7910385131835938,0.7787272334098816,0.09580234438180923,1.619394970475696e-05
nudity,4,10,0.7909998595714569,0.7791666388511658,0.09580408781766891,1.6247559869952966e-05
nudity,4,11,0.7909830808639526,0.7788411378860474,0.09584757313132286,1.599823281139834e-05
nudity,4,12,0.7912745177745819,0.7789632081985474,0.09576160833239555,1.5512198388023535e-05
nudity,4,13,0.7909317016601562,0.7788940668106079,0.0958295576274395,1.628719110158272e-05
nudity,4,14,0.7911300659179688,0.779064953327179,0.09581578150391579,1.708848685666453e-05
nudity,4,15,0.7910807430744171,0.7788655757904053,0.09579300880432129,1.5724248441983946e-05
nudity,4,16,0.7910400331020355,0.7790486812591553,0.09582790359854698,1.5447812074853573e-05
nudity,16,1,0.9080713987350464,0.8709472417831421,0.04599670320749283,0.00012776346557075158
nudity,16,2,0.9086140990257263,0.8712361454963684,0.04598006419837475,1.0090209798363503e-05
nudity,16,3,0.9080861508846283,0.8713460564613342,0.04598323814570904,7.427510126944981e-06
nudity,16,4,0.9086100161075592,0.871289074420929,0.045978572219610214,6.980548505453044e-06
nudity,16,5,0.9081659913063049,0.8714599609375,0.04601012542843819,7.048568249956588e-06
nudity,16,6,0.9088541567325592,0.8715617060661316,0.04597905091941357,6.543130666614161e-06
nudity,16,7,0.908120721578598,0.8714640140533447,0.046002352610230446,6.704926363454433e-06
nudity,16,8,0.908843994140625,0.871777355670929,0.045974891632795334,6.491508429462556e-06
nudity,16,9,0.9082570672035217,0.8716064691543579,0.0459933802485466,6.25730240244593e-06
nudity,16,10,0.9086242616176605,0.8716837763786316,0.04598035290837288,6.633096063524135e-06
nudity,16,11,0.9081375002861023,0.8716675043106079,0.045997729524970055,6.5577999066590564e-06
nudity,16,12,0.9087239801883698,0.8719034790992737,0.0459692869335413,6.05086734140059e-06
nudity,16,13,0.9080881476402283,0.8716064691543579,0.04600433073937893,6.510041657747934e-06
nudity,16,14,0.9088480472564697,0.8717081546783447,0.045982202515006065,6.955451226531295e-06
nudity,16,15,0.9081771969795227,0.871826171875,0.04598946310579777,6.037032790118246e-06
nudity,16,16,0.908612072467804,0.8717488646507263,0.04598284140229225,6.275641680986155e-06
style,1,1,0.6794677674770355,0.59539794921875,0.20029763132333755,0.0005366657860577106
style,1,2,0.7102640867233276,0.6259968876838684,0.20020412653684616,6.657337144133635e-05
style,1,3,0.7277190983295441,0.6377502679824829,0.200264073908329,4.244301999278832e-05
style,1,4,0.7430196106433868,0.650238037109375,0.20026832073926926,3.6939391065970995e-05
style,1,5,0.7611602544784546,0.6690002679824829,0.2003861665725708,3.98050069634337e-05
style,1,6,0.7851918637752533,0.6922892332077026,0.20028523355722427,3.679840483528096e-05
style,1,7,0.809652715921402,0.715832531452179,0.2003059908747673,3.6538889617077075e-05
style,1,8,0.8220097720623016,0.7350911498069763,0.20022842288017273,3.8402085920097306e-05
style,1,9,0.8261149227619171,0.740039050579071,0.2003438025712967,3.572946116037201e-05
style,1,10,0.8277048766613007,0.7452229857444763,0.20027149468660355,3.689816549012903e-05
style,1,11,0.828930675983429,0.7439941167831421,0.20034801959991455,3.783540341828484e-05
style,1,12,0.8286346197128296,0.7433553338050842,0.20020514726638794,3.4271017284481786e-05
style,1,13,0.8315388858318329,0.744396984577179,0.20034091174602509,3.621251198637765e-05
style,1,14,0.8319295346736908,0.7456299066543579,0.2002846524119377,3.9764663597452454e-05
style,1,15,0.8310089111328125,0.746874988079071,0.20031122118234634,3.4342276194365695e-05
style,1,16,0.8312296569347382,0.7442871332168579,0.20026306062936783,3.401196045160759e-05
style,4,1,0.7907084226608276,0.7759155035018921,0.09920161589980125,0.00026381853967905045
style,4,2,0.7907557189464569,0.7755777835845947,0.09921642765402794,2.490819588274462e-05
style,4,3,0.7906555235385895,0.7751546502113342,0.09925747662782669,1.8002047909249086e-05
style,4,4,0.7906641662120819,0.77618408203125,0.09922077879309654,1.6359002074750606e-05
style,4,5,0.7905405759811401,0.7759073972702026,0.0992845706641674,1.744303881423548e-05
style,4,6,0.7906834781169891,0.7756673097610474,0.09920763969421387,1.621581395738758e-05
style,4,7,0.7906809449195862,0.77593994140625,0.09930058941245079,1.6294260603899602e-05
style,4,8,0.7906061708927155,0.7763305902481079,0.09921323508024216,1.5853337572480086e-05
style,4,9,0.7906107306480408,0.7762085199356079,0.0992635078728199,1.611680090718437e-05
style,4,10,0.7906336486339569,0.776501476764679,0.09924139454960823,1.608845832379302e-05
style,4,11,0.7906234562397003,0.7755086421966553,0.09930828958749771,1.6523214981134515e-05
style,4,12,0.7907511293888092,0.7767333984375,0.09920701384544373,1.544083943372243e-05
style,4,13,0.7904795408248901,0.7765136957168579,0.09933294355869293,1.5962850739015266e-05
style,4,14,0.7907343506813049,0.7759155035018921,0.0992056205868721,1.6867445083335042e-05
style,4,15,0.7906702756881714,0.7757486701011658,0.09925658255815506,1.5372398593171965e-05
style,4,16,0.7905644476413727,0.776623547077179,0.09924814477562904,1.546520616102498e-05
style,16,1,0.9080881774425507,0.8689656853675842,0.047775158658623695,0.00012843028525821865
style,16,2,0.908071905374527,0.8695963621139526,0.047800593078136444,9.979492460843176e-06
style,16,3,0.9080668091773987,0.8695597052574158,0.047784702852368355,7.268210538313724e-06
style,16,4,0.9079671204090118,0.869396984577179,0.047783466055989265,6.659417294940795e-06
style,16,5,0.9079996645450592,0.8698770999908447,0.0478014275431633,7.0724850047554355e-06
style,16,6,0.908001184463501,0.8695719242095947,0.047793302685022354,6.564235718542477e-06
style,16,7,0.9080754816532135,0.8697428107261658,0.047798166051506996,6.4282555740646785e-06
style,16,8,0.9080352783203125,0.8700764775276184,0.04780430346727371,6.448472049669363e-06
style,16,9,0.9078684747219086,0.8699625730514526,0.04779767245054245,6.519180260511348e-06
style,16,10,0.9080983400344849,0.8697428107261658,0.047784047201275826,6.704028692183783e-06
style,16,11,0.9082143008708954,0.8698933720588684,0.047801561653614044,6.483772722276626e-06
style,16,12,0.9080942869186401,0.8701985478401184,0.04779272526502609,6.241670234885532e-06
style,16,13,0.9080261290073395,0.8696939945220947,0.047801295295357704,6.456271648858092e-06
style,16,14,0.908050537109375,0.87005615234375,0.04780842922627926,6.877459099996486e-06
style,16,15,0.907907634973526,0.8701090216636658,0.04779481515288353,6.014867494741338e-06
style,16,16,0.9080525636672974,0.8696655035018921,0.04779831878840923,6.335613534247386e-06
