model,tensor,agreement,edit_retention
matched_m1,down_blocks.0.attentions.0.transformer_blocks.0.attn2.to_k.weight,0.835705578327179,0.2175585776567459
matched_m1,down_blocks.0.attentions.0.transformer_blocks.0.attn2.to_v.weight,0.8091796636581421,0.21065598726272583
matched_m1,down_blocks.0.attentions.1.transformer_blocks.0.attn2.to_k.weight,0.8107096552848816,0.25820863246917725
matched_m1,down_blocks.0.attentions.1.transformer_blocks.0.attn2.to_v.weight,0.7610310912132263,0.21347828209400177
matched_m1,down_blocks.1.attentions.0.transformer_blocks.0.attn2.to_k.weight,0.8251871466636658,0.19737417995929718
matched_m1,down_blocks.1.attentions.0.transformer_blocks.0.attn2.to_v.weight,0.807281494140625,0.1981525421142578
matched_m1,down_blocks.1.attentions.1.transformer_blocks.0.attn2.to_k.weight,0.756610095500946,0.2167000025510788
matched_m1,down_blocks.1.attentions.1.transformer_blocks.0.attn2.to_v.weight,0.7558146119117737,0.19404783844947815
matched_m1,down_blocks.2.attentions.0.transformer_blocks.0.attn2.to_k.weight,0.8510569334030151,0.1941080093383789
matched_m1,down_blocks.2.attentions.0.transformer_blocks.0.attn2.to_v.weight,0.8691324591636658,0.19505521655082703
matched_m1,down_blocks.2.attentions.1.transformer_blocks.0.attn2.to_k.weight,0.8590535521507263,0.19754408299922943
matched_m1,down_blocks.2.attentions.1.transformer_blocks.0.attn2.to_v.weight,0.8691009283065796,0.20717431604862213
matched_m1,up_blocks.1.attentions.0.transformer_blocks.0.attn2.to_k.weight,0.8785797357559204,0.19557170569896698
matched_m1,up_blocks.1.attentions.0.transformer_blocks.0.attn2.to_v.weight,0.8817250728607178,0.2044137567281723
matched_m1,up_blocks.1.attentions.1.transformer_blocks.0.attn2.to_k.weight,0.8985961675643921,0.2023817002773285
matched_m1,up_blocks.1.attentions.1.transformer_blocks.0.attn2.to_v.weight,0.8822275996208191,0.20930121839046478
matched_m1,up_blocks.1.attentions.2.transformer_blocks.0.attn2.to_k.weight,0.8846567869186401,0.19596877694129944
matched_m1,up_blocks.1.attentions.2.transformer_blocks.0.attn2.to_v.weight,0.8716074824333191,0.201990008354187
matched_m1,up_blocks.2.attentions.0.transformer_blocks.0.attn2.to_k.weight,0.8396056890487671,0.19265387952327728
matched_m1,up_blocks.2.attentions.0.transformer_blocks.0.attn2.to_v.weight,0.8286722898483276,0.195735365152359
matched_m1,up_blocks.2.attentions.1.transformer_blocks.0.attn2.to_k.weight,0.8177124261856079,0.207502081990242
matched_m1,up_blocks.2.attentions.1.transformer_blocks.0.attn2.to_v.weight,0.8347676396369934,0.2074805051088333
matched_m1,up_blocks.2.attentions.2.transformer_blocks.0.attn2.to_k.weight,0.8516458868980408,0.1987133026123047
matched_m1,up_blocks.2.attentions.2.transformer_blocks.0.attn2.to_v.weight,0.821307361125946,0.1913488209247589
matched_m1,up_blocks.3.attentions.0.transformer_blocks.0.attn2.to_k.weight,0.8050537109375,0.24588654935359955
matched_m1,up_blocks.3.attentions.0.transformer_blocks.0.attn2.to_v.weight,0.746874988079071,0.1981433480978012
matched_m1,up_blocks.3.attentions.1.transformer_blocks.0.attn2.to_k.weight,0.831787109375,0.24297915399074554
matched_m1,up_blocks.3.attentions.1.transformer_blocks.0.attn2.to_v.weight,0.7916463017463684,0.19780388474464417
matched_m1,up_blocks.3.attentions.2.transformer_blocks.0.attn2.to_k.weight,0.8399943113327026,0.2562711536884308
matched_m1,up_blocks.3.attentions.2.transformer_blocks.0.attn2.to_v.weight,0.77752685546875,0.1975308358669281
matched_m1,mid_block.attentions.0.transformer_blocks.0.attn2.to_k.weight,0.8251617550849915,0.19381366670131683
matched_m1,mid_block.attentions.0.transformer_blocks.0.attn2.to_v.weight,0.8784515261650085,0.20196814835071564
