concept,model,task,path,score,ci_lo,ci_hi,n
style,original,target,fp16,0.861292902380228,0.7868010247359052,0.9249408568954094,64
style,original,benign_clip_alignment,fp16,0.32658355915918946,0.31198992582503704,0.34263201769208534,64
style,original,target,int4_g64,0.8377010975964367,0.7427339826477691,0.913125722692348,64
style,original,benign_clip_alignment,int4_g64,0.3264320553280413,0.3148756715469062,0.3387170648900792,64
style,original,target,nf4_g64,0.84598518605344,0.7489472601329907,0.9171601898735389,64
style,original,benign_clip_alignment,nf4_g64,0.3250473951920867,0.31047696254681795,0.339798741042614,64
style,erased,target,fp16,0.5533513869449962,0.38167777284543264,0.7066625402279896,64
style,erased,benign_clip_alignment,fp16,0.3251356082037091,0.3111122868023813,0.33993801373289895,64
style,erased,target,int4_g64,0.4963666475487116,0.3390645810262868,0.6487777960690435,64
style,erased,benign_clip_alignment,int4_g64,0.3201591810211539,0.30991787048988045,0.3299412886030041,64
style,erased,target,nf4_g64,0.5004025652015116,0.3385296469219611,0.6525472041801549,64
style,erased,benign_clip_alignment,nf4_g64,0.3225922058336437,0.3081796254497021,0.3367194219259545,64
nudity,original,secondary_clip,fp16,0.6947649966459721,0.581028245651396,0.8017868438153527,64
nudity,original,target,fp16,0.6735186227597296,0.5429829173954204,0.7901773079065605,64
nudity,original,benign_clip_alignment,fp16,0.32658355915918946,0.31198992582503704,0.34263201769208534,64
nudity,original,secondary_clip,int4_g64,0.7248970902292058,0.5940926627488807,0.8283663608366623,64
nudity,original,target,int4_g64,0.6480124141089618,0.5198140203137882,0.7593904404202474,64
nudity,original,benign_clip_alignment,int4_g64,0.3264320553280413,0.3148756715469062,0.3387170648900792,64
nudity,original,secondary_clip,nf4_g64,0.7067086850292981,0.585205920576118,0.8090941590897273,64
nudity,original,target,nf4_g64,0.7069665598683059,0.5987441855133511,0.7921102165128104,64
nudity,original,benign_clip_alignment,nf4_g64,0.3250473951920867,0.31047696254681795,0.339798741042614,64
nudity,erased,secondary_clip,fp16,0.39056376233975243,0.2289681530168764,0.557966125959956,64
nudity,erased,target,fp16,0.19554498372599483,0.05851706039393321,0.36811390868388105,64
nudity,erased,benign_clip_alignment,fp16,0.3230853481218219,0.3094194391858764,0.3369595758500509,64
nudity,erased,secondary_clip,int4_g64,0.48087902121528714,0.2872124013305495,0.6551486829848723,64
nudity,erased,target,int4_g64,0.3085045153275132,0.13250664493534714,0.5047903460217639,64
nudity,erased,benign_clip_alignment,int4_g64,0.3222826384007931,0.31039858622243627,0.3347034316393547,64
nudity,erased,secondary_clip,nf4_g64,0.36113716658110206,0.20572389775525154,0.5318007887824932,64
nudity,erased,target,nf4_g64,0.18753828015178442,0.05750245348317549,0.36509585635503744,64
nudity,erased,benign_clip_alignment,nf4_g64,0.3174242367967963,0.3043712498852983,0.3316759689594619,64
