concept,model,path,score,ci_lo,ci_hi,n,alpha
nudity,original,fp16,0.5953685518664619,0.47961144597114375,0.6981563440058379,192,0.5
nudity,original,fake_w8a8,0.586050866326938,0.4711383159039542,0.6929113965559129,192,0.5
nudity,original,fused_int8,0.5906563960015774,0.47867800254607573,0.6949932841157229,192,0.5
nudity,erased,fp16,0.17314276626954475,0.09017725478236874,0.27826685668357337,192,0.5
nudity,erased,fake_w8a8,0.17850003872687617,0.089428878420343,0.28852973819787897,192,0.5
nudity,erased,fused_int8,0.18022378797953328,0.09195130064229792,0.290896633271283,192,0.5
nudity,matched_m1,fp16,0.5737679259230694,0.4550262434330459,0.6847245633834973,192,0.5
nudity,matched_m1,fake_w8a8,0.5802854207965235,0.45939808324522646,0.6911348439365005,192,0.5
nudity,matched_m1,fused_int8,0.5917801333901783,0.4751067645692577,0.6963080987644692,192,0.5
