tensor,lever,max,mean,rel
down_blocks.0.attentions.0.transformer_blocks.0.attn2.to_k.weight,K1_fused_vs_fake_fp16,0.006534576416015625,0.0005271804984658957,0.0004295098769944161
down_blocks.0.attentions.0.transformer_blocks.0.attn2.to_k.weight,K1b_fused_vs_fake_fp32,1.9073486328125e-06,1.9508759407926846e-07,1.5894374882918783e-07
down_blocks.0.attentions.0.transformer_blocks.0.attn2.to_k.weight,K2_fake_fp16_vs_fp32,0.006534576416015625,0.0005271821282804012,0.00042951121577061713
down_blocks.0.attentions.0.transformer_blocks.0.attn2.to_k.weight,hypothetical_int16_acc_saturation,6.038369178771973,0.029638756066560745,0.02414759062230587
down_blocks.0.attentions.0.transformer_blocks.0.attn2.to_k.weight,hypothetical_per_tile_act_scale,0.4320831298828125,0.03198271989822388,0.02605728805065155
down_blocks.0.attentions.0.transformer_blocks.0.attn2.to_k.weight,quant_error_vs_fp32,0.47324609756469727,0.03393103927373886,0.02764464169740677
down_blocks.0.attentions.0.transformer_blocks.0.attn2.to_v.weight,K1_fused_vs_fake_fp16,0.002421855926513672,0.00017387907428201288,0.00042519476846791804
down_blocks.0.attentions.0.transformer_blocks.0.attn2.to_v.weight,K1b_fused_vs_fake_fp32,5.066394805908203e-07,6.452038547877237e-08,1.577747639203153e-07
down_blocks.0.attentions.0.transformer_blocks.0.attn2.to_v.weight,K2_fake_fp16_vs_fp32,0.002422332763671875,0.00017387907428201288,0.00042519476846791804
down_blocks.0.attentions.0.transformer_blocks.0.attn2.to_v.weight,hypothetical_int16_acc_saturation,1.5047568082809448,0.010260600596666336,0.025090733543038368
down_blocks.0.attentions.0.transformer_blocks.0.attn2.to_v.weight,hypothetical_per_tile_act_scale,0.15386199951171875,0.011083604767918587,0.02710326574742794
down_blocks.0.attentions.0.transformer_blocks.0.attn2.to_v.weight,quant_error_vs_fp32,0.11992108821868896,0.011720947921276093,0.02866179123520851
down_blocks.0.attentions.1.transformer_blocks.0.attn2.to_k.weight,K1_fused_vs_fake_fp16,0.005565166473388672,0.00048115625395439565,0.00043961076880805194
down_blocks.0.attentions.1.transformer_blocks.0.attn2.to_k.weight,K1b_fused_vs_fake_fp32,1.9073486328125e-06,1.7899257898079668e-07,1.635374360375863e-07
down_blocks.0.attentions.1.transformer_blocks.0.attn2.to_k.weight,K2_fake_fp16_vs_fp32,0.005566120147705078,0.00048115375102497637,0.00043960846960544586
down_blocks.0.attentions.1.transformer_blocks.0.attn2.to_k.weight,hypothetical_int16_acc_saturation,2.6347086429595947,0.01370090153068304,0.012517895549535751
down_blocks.0.attentions.1.transformer_blocks.0.attn2.to_k.weight,hypothetical_per_tile_act_scale,0.35661089420318604,0.027328049764037132,0.024968406185507774
down_blocks.0.attentions.1.transformer_blocks.0.attn2.to_k.weight,quant_error_vs_fp32,0.33485305309295654,0.02966497279703617,0.027103547006845474
down_blocks.0.attentions.1.transformer_blocks.0.attn2.to_v.weight,K1_fused_vs_fake_fp16,0.002440214157104492,0.00012483941100072116,0.0004261073481757194
down_blocks.0.attentions.1.transformer_blocks.0.attn2.to_v.weight,K1b_fused_vs_fake_fp32,5.960464477539062e-07,4.705709599761576e-08,1.6061733276728773e-07
down_blocks.0.attentions.1.transformer_blocks.0.attn2.to_v.weight,K2_fake_fp16_vs_fp32,0.0024404525756835938,0.00012483993486966938,0.00042610912350937724
down_blocks.0.attentions.1.transformer_blocks.0.attn2.to_v.weight,hypothetical_int16_acc_saturation,1.4647451639175415,0.006567245814949274,0.022415610030293465
down_blocks.0.attentions.1.transformer_blocks.0.attn2.to_v.weight,hypothetical_per_tile_act_scale,0.13719457387924194,0.008506429381668568,0.02903451770544052
down_blocks.0.attentions.1.transformer_blocks.0.attn2.to_v.weight,quant_error_vs_fp32,0.13451391458511353,0.00912314560264349,0.031139519065618515
down_blocks.1.attentions.0.transformer_blocks.0.attn2.to_k.weight,K1_fused_vs_fake_fp16,0.0055294036865234375,0.0004876750463154167,0.00043015970732085407
down_blocks.1.attentions.0.transformer_blocks.0.attn2.to_k.weight,K1b_fused_vs_fake_fp32,1.430511474609375e-06,1.7930817364231189e-07,1.5816095810805564e-07
down_blocks.1.attentions.0.transformer_blocks.0.attn2.to_k.weight,K2_fake_fp16_vs_fp32,0.005528926849365234,0.00048767635598778725,0.00043016087147407234
down_blocks.1.attentions.0.transformer_blocks.0.attn2.to_k.weight,hypothetical_int16_acc_saturation,3.447025775909424,0.03149835392832756,0.027783507481217384
down_blocks.1.attentions.0.transformer_blocks.0.attn2.to_k.weight,hypothetical_per_tile_act_scale,0.276854932308197,0.029709482565522194,0.02620561048388481
down_blocks.1.attentions.0.transformer_blocks.0.attn2.to_k.weight,quant_error_vs_fp32,0.3134312629699707,0.03135824203491211,0.02765991911292076
down_blocks.1.attentions.0.transformer_blocks.0.attn2.to_v.weight,K1_fused_vs_fake_fp16,0.0019605159759521484,0.0001874662993941456,0.0004378187586553395
down_blocks.1.attentions.0.transformer_blocks.0.attn2.to_v.weight,K1b_fused_vs_fake_fp32,7.152557373046875e-07,6.829672827279865e-08,1.5950381282436865e-07
down_blocks.1.attentions.0.transformer_blocks.0.attn2.to_v.weight,K2_fake_fp16_vs_fp32,0.0019609928131103516,0.00018746688147075474,0.00043782012653537095
down_blocks.1.attentions.0.transformer_blocks.0.attn2.to_v.weight,hypothetical_int16_acc_saturation,1.504097580909729,0.01144279446452856,0.026724111288785934
down_blocks.1.attentions.0.transformer_blocks.0.attn2.to_v.weight,hypothetical_per_tile_act_scale,0.12485319375991821,0.011699778959155083,0.027324285358190536
down_blocks.1.attentions.0.transformer_blocks.0.attn2.to_v.weight,quant_error_vs_fp32,0.1356087028980255,0.012493682093918324,0.029178408905863762
down_blocks.1.attentions.1.transformer_blocks.0.attn2.to_k.weight,K1_fused_vs_fake_fp16,0.006970405578613281,0.0004279756103642285,0.0004226227756589651
down_blocks.1.attentions.1.transformer_blocks.0.attn2.to_k.weight,K1b_fused_vs_fake_fp32,1.6689300537109375e-06,1.5745840187264548e-07,1.5548901899364864e-07
down_blocks.1.attentions.1.transformer_blocks.0.attn2.to_k.weight,K2_fake_fp16_vs_fp32,0.006969451904296875,0.0004279731947463006,0.00042262038914486766
down_blocks.1.attentions.1.transformer_blocks.0.attn2.to_k.weight,hypothetical_int16_acc_saturation,4.282249450683594,0.028600633144378662,0.028242915868759155
down_blocks.1.attentions.1.transformer_blocks.0.attn2.to_k.weight,hypothetical_per_tile_act_scale,0.4110425114631653,0.030260711908340454,0.02988223172724247
down_blocks.1.attentions.1.transformer_blocks.0.attn2.to_k.weight,quant_error_vs_fp32,0.40065550804138184,0.031750600785017014,0.031353484839200974
down_blocks.1.attentions.1.transformer_blocks.0.attn2.to_v.weight,K1_fused_vs_fake_fp16,0.0016460418701171875,0.00014826089318376034,0.000430246873293072
down_blocks.1.attentions.1.transformer_blocks.0.attn2.to_v.weight,K1b_fused_vs_fake_fp32,7.152557373046875e-07,5.5475915416991484e-08,1.6098877608783368e-07
down_blocks.1.attentions.1.transformer_blocks.0.attn2.to_v.weight,K2_fake_fp16_vs_fp32,0.001645803451538086,0.00014826135884504765,0.00043024824117310345
down_blocks.1.attentions.1.transformer_blocks.0.attn2.to_v.weight,hypothetical_int16_acc_saturation,1.3292624950408936,0.005661449860781431,0.016429290175437927
down_blocks.1.attentions.1.transformer_blocks.0.attn2.to_v.weight,hypothetical_per_tile_act_scale,0.15465855598449707,0.010214625857770443,0.029642414301633835
down_blocks.1.attentions.1.transformer_blocks.0.attn2.to_v.weight,quant_error_vs_fp32,0.17721489071846008,0.010890143923461437,0.03160274028778076
down_blocks.2.attentions.0.transformer_blocks.0.attn2.to_k.weight,K1_fused_vs_fake_fp16,0.00481414794921875,0.0003795179654844105,0.0004301008302718401
down_blocks.2.attentions.0.transformer_blocks.0.attn2.to_k.weight,K1b_fused_vs_fake_fp32,4.76837158203125e-06,2.1323926091554313e-07,2.416601887489378e-07
down_blocks.2.attentions.0.transformer_blocks.0.attn2.to_k.weight,K2_fake_fp16_vs_fp32,0.00481414794921875,0.00037951735430397093,0.00043010013177990913
down_blocks.2.attentions.0.transformer_blocks.0.attn2.to_k.weight,hypothetical_int16_acc_saturation,2.9500930309295654,0.014934911392629147,0.016925465315580368
down_blocks.2.attentions.0.transformer_blocks.0.attn2.to_k.weight,hypothetical_per_tile_act_scale,0.3366389274597168,0.026359861716628075,0.029873153194785118
down_blocks.2.attentions.0.transformer_blocks.0.attn2.to_k.weight,quant_error_vs_fp32,0.3574221134185791,0.027641624212265015,0.031325750052928925
down_blocks.2.attentions.0.transformer_blocks.0.attn2.to_v.weight,K1_fused_vs_fake_fp16,0.0025742053985595703,0.0002467198937665671,0.0004336397396400571
down_blocks.2.attentions.0.transformer_blocks.0.attn2.to_v.weight,K1b_fused_vs_fake_fp32,1.2516975402832031e-06,1.356551138087525e-07,2.384300898938818e-07
down_blocks.2.attentions.0.transformer_blocks.0.attn2.to_v.weight,K2_fake_fp16_vs_fp32,0.002574443817138672,0.00024671960272826254,0.00043363921577110887
down_blocks.2.attentions.0.transformer_blocks.0.attn2.to_v.weight,hypothetical_int16_acc_saturation,2.0745272636413574,0.012296806089580059,0.0216131079941988
down_blocks.2.attentions.0.transformer_blocks.0.attn2.to_v.weight,hypothetical_per_tile_act_scale,0.19776959717273712,0.01708165742456913,0.030023057013750076
down_blocks.2.attentions.0.transformer_blocks.0.attn2.to_v.weight,quant_error_vs_fp32,0.24426639080047607,0.018001316115260124,0.0316394679248333
down_blocks.2.attentions.1.transformer_blocks.0.attn2.to_k.weight,K1_fused_vs_fake_fp16,0.005788326263427734,0.0004226584860589355,0.00043980334885418415
down_blocks.2.attentions.1.transformer_blocks.0.attn2.to_k.weight,K1b_fused_vs_fake_fp32,2.3990869522094727e-06,2.2715578040788387e-07,2.3637021229205857e-07
down_blocks.2.attentions.1.transformer_blocks.0.attn2.to_k.weight,K2_fake_fp16_vs_fp32,0.0057888031005859375,0.00042265752563253045,0.0004398023593239486
down_blocks.2.attentions.1.transformer_blocks.0.attn2.to_k.weight,hypothetical_int16_acc_saturation,3.9948198795318604,0.025909824296832085,0.026960840448737144
down_blocks.2.attentions.1.transformer_blocks.0.attn2.to_k.weight,hypothetical_per_tile_act_scale,0.24953532218933105,0.02746701054275036,0.02858119271695614
down_blocks.2.attentions.1.transformer_blocks.0.attn2.to_k.weight,quant_error_vs_fp32,0.27590978145599365,0.02892334759235382,0.03009660542011261
down_blocks.2.attentions.1.transformer_blocks.0.attn2.to_v.weight,K1_fused_vs_fake_fp16,0.002953767776489258,0.0002475163491908461,0.0004235201922710985
down_blocks.2.attentions.1.transformer_blocks.0.attn2.to_v.weight,K1b_fused_vs_fake_fp32,1.1920928955078125e-06,1.396483924054337e-07,2.389495250554319e-07
down_blocks.2.attentions.1.transformer_blocks.0.attn2.to_v.weight,K2_fake_fp16_vs_fp32,0.0029535293579101562,0.0002475160581525415,0.0004235196684021503
down_blocks.2.attentions.1.transformer_blocks.0.attn2.to_v.weight,hypothetical_int16_acc_saturation,1.9922598600387573,0.015746016055345535,0.02694268710911274
down_blocks.2.attentions.1.transformer_blocks.0.attn2.to_v.weight,hypothetical_per_tile_act_scale,0.18685391545295715,0.016644060611724854,0.028479313477873802
down_blocks.2.attentions.1.transformer_blocks.0.attn2.to_v.weight,quant_error_vs_fp32,0.20760348439216614,0.017540274187922478,0.03001280501484871
up_blocks.1.attentions.0.transformer_blocks.0.attn2.to_k.weight,K1_fused_vs_fake_fp16,0.004561901092529297,0.0004427506646607071,0.00043318961979821324
up_blocks.1.attentions.0.transformer_blocks.0.attn2.to_k.weight,K1b_fused_vs_fake_fp32,2.6226043701171875e-06,2.4320220859408437e-07,2.379503456495513e-07
up_blocks.1.attentions.0.transformer_blocks.0.attn2.to_k.weight,K2_fake_fp16_vs_fp32,0.004561424255371094,0.0004427509556990117,0.0004331899108365178
up_blocks.1.attentions.0.transformer_blocks.0.attn2.to_k.weight,hypothetical_int16_acc_saturation,3.5311834812164307,0.036367643624544144,0.035582296550273895
up_blocks.1.attentions.0.transformer_blocks.0.attn2.to_k.weight,hypothetical_per_tile_act_scale,0.38031214475631714,0.030065903440117836,0.0294166412204504
up_blocks.1.attentions.0.transformer_blocks.0.attn2.to_k.weight,quant_error_vs_fp32,0.4245179295539856,0.031753432005643845,0.031067728996276855
up_blocks.1.attentions.0.transformer_blocks.0.attn2.to_v.weight,K1_fused_vs_fake_fp16,0.0035486221313476562,0.00032873518648557365,0.0004426710947882384
up_blocks.1.attentions.0.transformer_blocks.0.attn2.to_v.weight,K1b_fused_vs_fake_fp32,1.5497207641601562e-06,1.7714761213483143e-07,2.385449704433995e-07
up_blocks.1.attentions.0.transformer_blocks.0.attn2.to_v.weight,K2_fake_fp16_vs_fp32,0.003548145294189453,0.0003287350700702518,0.00044267092016525567
up_blocks.1.attentions.0.transformer_blocks.0.attn2.to_v.weight,hypothetical_int16_acc_saturation,2.7558693885803223,0.023587239906191826,0.03176230937242508
up_blocks.1.attentions.0.transformer_blocks.0.attn2.to_v.weight,hypothetical_per_tile_act_scale,0.22111716866493225,0.02183385379612446,0.029401220381259918
up_blocks.1.attentions.0.transformer_blocks.0.attn2.to_v.weight,quant_error_vs_fp32,0.23323509097099304,0.023018455132842064,0.03099639154970646
up_blocks.1.attentions.1.transformer_blocks.0.attn2.to_k.weight,K1_fused_vs_fake_fp16,0.005921840667724609,0.000442886637756601,0.00041819101897999644
up_blocks.1.attentions.1.transformer_blocks.0.attn2.to_k.weight,K1b_fused_vs_fake_fp32,2.6226043701171875e-06,2.5040426976374874e-07,2.364415792044383e-07
up_blocks.1.attentions.1.transformer_blocks.0.attn2.to_k.weight,K2_fake_fp16_vs_fp32,0.0059223175048828125,0.00044288599747233093,0.0004181904369033873
up_blocks.1.attentions.1.transformer_blocks.0.attn2.to_k.weight,hypothetical_int16_acc_saturation,3.992527723312378,0.0345085933804512,0.03258437290787697
up_blocks.1.attentions.1.transformer_blocks.0.attn2.to_k.weight,hypothetical_per_tile_act_scale,0.4706747531890869,0.03193875029683113,0.030157826840877533
up_blocks.1.attentions.1.transformer_blocks.0.attn2.to_k.weight,quant_error_vs_fp32,0.4885060787200928,0.03395405411720276,0.03206075727939606
up_blocks.1.attentions.1.transformer_blocks.0.attn2.to_v.weight,K1_fused_vs_fake_fp16,0.003526926040649414,0.0003688209690153599,0.000442514632595703
up_blocks.1.attentions.1.transformer_blocks.0.attn2.to_v.weight,K1b_fused_vs_fake_fp32,1.5795230865478516e-06,1.97710306792942e-07,2.372145502249623e-07
up_blocks.1.attentions.1.transformer_blocks.0.attn2.to_v.weight,K2_fake_fp16_vs_fp32,0.0035266876220703125,0.00036882050335407257,0.00044251405051909387
up_blocks.1.attentions.1.transformer_blocks.0.attn2.to_v.weight,hypothetical_int16_acc_saturation,2.6537933349609375,0.01731795072555542,0.0207782294601202
up_blocks.1.attentions.1.transformer_blocks.0.attn2.to_v.weight,hypothetical_per_tile_act_scale,0.3133607506752014,0.02747860923409462,0.03296907618641853
up_blocks.1.attentions.1.transformer_blocks.0.attn2.to_v.weight,quant_error_vs_fp32,0.33026087284088135,0.02898814156651497,0.03478022664785385
up_blocks.1.attentions.2.transformer_blocks.0.attn2.to_k.weight,K1_fused_vs_fake_fp16,0.007624626159667969,0.0004638788232114166,0.00043460511369630694
up_blocks.1.attentions.2.transformer_blocks.0.attn2.to_k.weight,K1b_fused_vs_fake_fp32,3.337860107421875e-06,2.540158163810702e-07,2.3798578752121102e-07
up_blocks.1.attentions.2.transformer_blocks.0.attn2.to_k.weight,K2_fake_fp16_vs_fp32,0.007625579833984375,0.00046387893962673843,0.0004346052010077983
up_blocks.1.attentions.2.transformer_blocks.0.attn2.to_k.weight,hypothetical_int16_acc_saturation,3.4080686569213867,0.014607942663133144,0.013686087913811207
up_blocks.1.attentions.2.transformer_blocks.0.attn2.to_k.weight,hypothetical_per_tile_act_scale,0.4171334505081177,0.03741798922419548,0.03505667299032211
up_blocks.1.attentions.2.transformer_blocks.0.attn2.to_k.weight,quant_error_vs_fp32,0.510222315788269,0.03931758925318718,0.036836396902799606
up_blocks.1.attentions.2.transformer_blocks.0.attn2.to_v.weight,K1_fused_vs_fake_fp16,0.004644870758056641,0.00034405599581077695,0.0004508165584411472
up_blocks.1.attentions.2.transformer_blocks.0.attn2.to_v.weight,K1b_fused_vs_fake_fp32,1.6689300537109375e-06,1.8202250373633433e-07,2.3850407160352916e-07
up_blocks.1.attentions.2.transformer_blocks.0.attn2.to_v.weight,K2_fake_fp16_vs_fp32,0.004644870758056641,0.0003440548025537282,0.000450815015938133
up_blocks.1.attentions.2.transformer_blocks.0.attn2.to_v.weight,hypothetical_int16_acc_saturation,2.4707891941070557,0.013771111145615578,0.018044287338852882
up_blocks.1.attentions.2.transformer_blocks.0.attn2.to_v.weight,hypothetical_per_tile_act_scale,0.2542000710964203,0.024322034791111946,0.03186916187405586
up_blocks.1.attentions.2.transformer_blocks.0.attn2.to_v.weight,quant_error_vs_fp32,0.29953733086586,0.02577248029410839,0.03376968204975128
up_blocks.2.attentions.0.transformer_blocks.0.attn2.to_k.weight,K1_fused_vs_fake_fp16,0.005402565002441406,0.0005112173384986818,0.0004265897150617093
up_blocks.2.attentions.0.transformer_blocks.0.attn2.to_k.weight,K1b_fused_vs_fake_fp32,1.6689300537109375e-06,1.9218155955513794e-07,1.6036756278481334e-07
up_blocks.2.attentions.0.transformer_blocks.0.attn2.to_k.weight,K2_fake_fp16_vs_fp32,0.005401611328125,0.0005112204817123711,0.0004265923344064504
up_blocks.2.attentions.0.transformer_blocks.0.attn2.to_k.weight,hypothetical_int16_acc_saturation,3.4407081604003906,0.019944211468100548,0.01664261892437935
up_blocks.2.attentions.0.transformer_blocks.0.attn2.to_k.weight,hypothetical_per_tile_act_scale,0.33043360710144043,0.03427967429161072,0.028604969382286072
up_blocks.2.attentions.0.transformer_blocks.0.attn2.to_k.weight,quant_error_vs_fp32,0.33330225944519043,0.03622978553175926,0.030232256278395653
up_blocks.2.attentions.0.transformer_blocks.0.attn2.to_v.weight,K1_fused_vs_fake_fp16,0.004838466644287109,0.00043314843787811697,0.00042823280091397464
up_blocks.2.attentions.0.transformer_blocks.0.attn2.to_v.weight,K1b_fused_vs_fake_fp32,1.1920928955078125e-06,1.6068342745256814e-07,1.5885989057551342e-07
up_blocks.2.attentions.0.transformer_blocks.0.attn2.to_v.weight,K2_fake_fp16_vs_fp32,0.004837989807128906,0.0004331495729275048,0.000428233906859532
up_blocks.2.attentions.0.transformer_blocks.0.attn2.to_v.weight,hypothetical_int16_acc_saturation,3.323930501937866,0.02177124097943306,0.02152416668832302
up_blocks.2.attentions.0.transformer_blocks.0.attn2.to_v.weight,hypothetical_per_tile_act_scale,0.3124600350856781,0.0288927610963583,0.02856486849486828
up_blocks.2.attentions.0.transformer_blocks.0.attn2.to_v.weight,quant_error_vs_fp32,0.2952007055282593,0.03062819503247738,0.03028060682117939
up_blocks.2.attentions.1.transformer_blocks.0.attn2.to_k.weight,K1_fused_vs_fake_fp16,0.005383014678955078,0.0004574887570925057,0.000429587991675362
up_blocks.2.attentions.1.transformer_blocks.0.attn2.to_k.weight,K1b_fused_vs_fake_fp32,1.6689300537109375e-06,1.6685228843016375e-07,1.5667650643536035e-07
up_blocks.2.attentions.1.transformer_blocks.0.attn2.to_k.weight,K2_fake_fp16_vs_fp32,0.005383968353271484,0.0004574877384584397,0.0004295870312489569
up_blocks.2.attentions.1.transformer_blocks.0.attn2.to_k.weight,hypothetical_int16_acc_saturation,2.7973361015319824,0.021929685026407242,0.02059226483106613
up_blocks.2.attentions.1.transformer_blocks.0.attn2.to_k.weight,hypothetical_per_tile_act_scale,0.32411134243011475,0.03101973794400692,0.029127944260835648
up_blocks.2.attentions.1.transformer_blocks.0.attn2.to_k.weight,quant_error_vs_fp32,0.3700634241104126,0.032612789422273636,0.030623840168118477
up_blocks.2.attentions.1.transformer_blocks.0.attn2.to_v.weight,K1_fused_vs_fake_fp16,0.003421783447265625,0.0002972233633045107,0.00043467411887831986
up_blocks.2.attentions.1.transformer_blocks.0.attn2.to_v.weight,K1b_fused_vs_fake_fp32,9.5367431640625e-07,1.0915508852349376e-07,1.596337853015939e-07
up_blocks.2.attentions.1.transformer_blocks.0.attn2.to_v.weight,K2_fake_fp16_vs_fp32,0.0034215450286865234,0.00029722251929342747,0.0004346728674136102
up_blocks.2.attentions.1.transformer_blocks.0.attn2.to_v.weight,hypothetical_int16_acc_saturation,2.390812873840332,0.018313942477107048,0.026783213019371033
up_blocks.2.attentions.1.transformer_blocks.0.attn2.to_v.weight,hypothetical_per_tile_act_scale,0.20434796810150146,0.019986232742667198,0.029228853061795235
up_blocks.2.attentions.1.transformer_blocks.0.attn2.to_v.weight,quant_error_vs_fp32,0.2381519079208374,0.02113785222172737,0.030913038179278374
up_blocks.2.attentions.2.transformer_blocks.0.attn2.to_k.weight,K1_fused_vs_fake_fp16,0.004619121551513672,0.0004474596062209457,0.0004280373686924577
up_blocks.2.attentions.2.transformer_blocks.0.attn2.to_k.weight,K1b_fused_vs_fake_fp32,1.1920928955078125e-06,1.6462838914321765e-07,1.5748260295822547e-07
up_blocks.2.attentions.2.transformer_blocks.0.attn2.to_k.weight,K2_fake_fp16_vs_fp32,0.004619121551513672,0.0004474596062209457,0.0004280373686924577
up_blocks.2.attentions.2.transformer_blocks.0.attn2.to_k.weight,hypothetical_int16_acc_saturation,3.6002228260040283,0.023454716429114342,0.022436650469899178
up_blocks.2.attentions.2.transformer_blocks.0.attn2.to_k.weight,hypothetical_per_tile_act_scale,0.3380487561225891,0.02867693267762661,0.027432193979620934
up_blocks.2.attentions.2.transformer_blocks.0.attn2.to_k.weight,quant_error_vs_fp32,0.3029860854148865,0.03024415671825409,0.02893139235675335
up_blocks.2.attentions.2.transformer_blocks.0.attn2.to_v.weight,K1_fused_vs_fake_fp16,0.0026574134826660156,0.0002611334202811122,0.00043343764264136553
up_blocks.2.attentions.2.transformer_blocks.0.attn2.to_v.weight,K1b_fused_vs_fake_fp32,7.152557373046875e-07,9.516800503206468e-08,1.5796291563674458e-07
up_blocks.2.attentions.2.transformer_blocks.0.attn2.to_v.weight,K2_fake_fp16_vs_fp32,0.002657651901245117,0.00026113216881640255,0.00043343554716557264
up_blocks.2.attentions.2.transformer_blocks.0.attn2.to_v.weight,hypothetical_int16_acc_saturation,1.8234834671020508,0.0066351876594126225,0.011013297364115715
up_blocks.2.attentions.2.transformer_blocks.0.attn2.to_v.weight,hypothetical_per_tile_act_scale,0.1432439088821411,0.01731049083173275,0.028732508420944214
up_blocks.2.attentions.2.transformer_blocks.0.attn2.to_v.weight,quant_error_vs_fp32,0.17177700996398926,0.01837593875825405,0.030500972643494606
up_blocks.3.attentions.0.transformer_blocks.0.attn2.to_k.weight,K1_fused_vs_fake_fp16,0.0048980712890625,0.0005002359976060688,0.0004231187922414392
up_blocks.3.attentions.0.transformer_blocks.0.attn2.to_k.weight,K1b_fused_vs_fake_fp32,1.9073486328125e-06,1.8882984420542925e-07,1.5971953359894542e-07
up_blocks.3.attentions.0.transformer_blocks.0.attn2.to_k.weight,K2_fake_fp16_vs_fp32,0.0048980712890625,0.0005002355901524425,0.0004231184720993042
up_blocks.3.attentions.0.transformer_blocks.0.attn2.to_k.weight,hypothetical_int16_acc_saturation,4.4804253578186035,0.017434773966670036,0.014747001230716705
up_blocks.3.attentions.0.transformer_blocks.0.attn2.to_k.weight,hypothetical_per_tile_act_scale,0.31643417477607727,0.026382699608802795,0.022315500304102898
up_blocks.3.attentions.0.transformer_blocks.0.attn2.to_k.weight,quant_error_vs_fp32,0.2852778434753418,0.02959388867020607,0.025031646713614464
up_blocks.3.attentions.0.transformer_blocks.0.attn2.to_v.weight,K1_fused_vs_fake_fp16,0.001821279525756836,0.00012020442954963073,0.00042022456182166934
up_blocks.3.attentions.0.transformer_blocks.0.attn2.to_v.weight,K1b_fused_vs_fake_fp32,6.258487701416016e-07,4.583116108847207e-08,1.602218731022731e-07
up_blocks.3.attentions.0.transformer_blocks.0.attn2.to_v.weight,K2_fake_fp16_vs_fp32,0.0018210411071777344,0.00012020410940749571,0.00042022342677228153
up_blocks.3.attentions.0.transformer_blocks.0.attn2.to_v.weight,hypothetical_int16_acc_saturation,0.9134709239006042,0.008108504116535187,0.028346646577119827
up_blocks.3.attentions.0.transformer_blocks.0.attn2.to_v.weight,hypothetical_per_tile_act_scale,0.18217706680297852,0.00815325416624546,0.028503090143203735
up_blocks.3.attentions.0.transformer_blocks.0.attn2.to_v.weight,quant_error_vs_fp32,0.1805410385131836,0.008705290034413338,0.030432960018515587
up_blocks.3.attentions.1.transformer_blocks.0.attn2.to_k.weight,K1_fused_vs_fake_fp16,0.0047779083251953125,0.0005246735527180135,0.0004241982533130795
up_blocks.3.attentions.1.transformer_blocks.0.attn2.to_k.weight,K1b_fused_vs_fake_fp32,1.6689300537109375e-06,1.9962577368914936e-07,1.613973097391863e-07
up_blocks.3.attentions.1.transformer_blocks.0.attn2.to_k.weight,K2_fake_fp16_vs_fp32,0.0047779083251953125,0.0005246705841273069,0.00042419583769515157
up_blocks.3.attentions.1.transformer_blocks.0.attn2.to_k.weight,hypothetical_int16_acc_saturation,4.0307793617248535,0.0203686635941267,0.016468051820993423
up_blocks.3.attentions.1.transformer_blocks.0.attn2.to_k.weight,hypothetical_per_tile_act_scale,0.42969584465026855,0.029464079067111015,0.023821689188480377
up_blocks.3.attentions.1.transformer_blocks.0.attn2.to_k.weight,quant_error_vs_fp32,0.4709598422050476,0.031658001244068146,0.025595474988222122
up_blocks.3.attentions.1.transformer_blocks.0.attn2.to_v.weight,K1_fused_vs_fake_fp16,0.0018486976623535156,0.00016246203449554741,0.00043488916708156466
up_blocks.3.attentions.1.transformer_blocks.0.attn2.to_v.weight,K1b_fused_vs_fake_fp32,7.152557373046875e-07,5.973057426444939e-08,1.598907743982636e-07
up_blocks.3.attentions.1.transformer_blocks.0.attn2.to_v.weight,K2_fake_fp16_vs_fp32,0.0018486976623535156,0.00016246165614575148,0.0004348881484474987
up_blocks.3.attentions.1.transformer_blocks.0.attn2.to_v.weight,hypothetical_int16_acc_saturation,1.3707826137542725,0.008703866973519325,0.023299088701605797
up_blocks.3.attentions.1.transformer_blocks.0.attn2.to_v.weight,hypothetical_per_tile_act_scale,0.11555635929107666,0.010089936666190624,0.02700941264629364
up_blocks.3.attentions.1.transformer_blocks.0.attn2.to_v.weight,quant_error_vs_fp32,0.1067955493927002,0.010842866264283657,0.02902490459382534
up_blocks.3.attentions.2.transformer_blocks.0.attn2.to_k.weight,K1_fused_vs_fake_fp16,0.006621837615966797,0.0005176497506909072,0.0004375327262096107
up_blocks.3.attentions.2.transformer_blocks.0.attn2.to_k.weight,K1b_fused_vs_fake_fp32,1.6689300537109375e-06,1.889414136257983e-07,1.5969881417277065e-07
up_blocks.3.attentions.2.transformer_blocks.0.attn2.to_k.weight,K2_fake_fp16_vs_fp32,0.006622314453125,0.0005176467821002007,0.0004375302232801914
up_blocks.3.attentions.2.transformer_blocks.0.attn2.to_k.weight,hypothetical_int16_acc_saturation,3.9128615856170654,0.014973076060414314,0.012655681930482388
up_blocks.3.attentions.2.transformer_blocks.0.attn2.to_k.weight,hypothetical_per_tile_act_scale,0.3870924413204193,0.028300805017352104,0.02392066828906536
up_blocks.3.attentions.2.transformer_blocks.0.attn2.to_k.weight,quant_error_vs_fp32,0.5160807371139526,0.03147044777870178,0.026599744334816933
up_blocks.3.attentions.2.transformer_blocks.0.attn2.to_v.weight,K1_fused_vs_fake_fp16,0.0018984079360961914,0.0001523951650597155,0.0004482960794121027
up_blocks.3.attentions.2.transformer_blocks.0.attn2.to_v.weight,K1b_fused_vs_fake_fp32,4.76837158203125e-07,5.4513726865934586e-08,1.6036132421959337e-07
up_blocks.3.attentions.2.transformer_blocks.0.attn2.to_v.weight,K2_fake_fp16_vs_fp32,0.001898646354675293,0.00015239471395034343,0.00044829476973973215
up_blocks.3.attentions.2.transformer_blocks.0.attn2.to_v.weight,hypothetical_int16_acc_saturation,0.9530074000358582,0.0025256352964788675,0.007429582066833973
up_blocks.3.attentions.2.transformer_blocks.0.attn2.to_v.weight,hypothetical_per_tile_act_scale,0.13200929760932922,0.00994736049324274,0.029261838644742966
up_blocks.3.attentions.2.transformer_blocks.0.attn2.to_v.weight,quant_error_vs_fp32,0.14546728134155273,0.010787640698254108,0.031733665615320206
mid_block.attentions.0.transformer_blocks.0.attn2.to_k.weight,K1_fused_vs_fake_fp16,0.0038537979125976562,0.00035984136047773063,0.0004391275579109788
mid_block.attentions.0.transformer_blocks.0.attn2.to_k.weight,K1b_fused_vs_fake_fp32,3.4570693969726562e-06,1.9580794230478205e-07,2.389515998402203e-07
mid_block.attentions.0.transformer_blocks.0.attn2.to_k.weight,K2_fake_fp16_vs_fp32,0.0038537979125976562,0.000359841127647087,0.0004391272668726742
mid_block.attentions.0.transformer_blocks.0.attn2.to_k.weight,hypothetical_int16_acc_saturation,3.4983325004577637,0.012139782309532166,0.014814619906246662
mid_block.attentions.0.transformer_blocks.0.attn2.to_k.weight,hypothetical_per_tile_act_scale,0.2994356155395508,0.02447224035859108,0.029864368960261345
mid_block.attentions.0.transformer_blocks.0.attn2.to_k.weight,quant_error_vs_fp32,0.31205618381500244,0.02580181695520878,0.03148689866065979
mid_block.attentions.0.transformer_blocks.0.attn2.to_v.weight,K1_fused_vs_fake_fp16,0.0032873153686523438,0.0003291802713647485,0.0004392168775666505
mid_block.attentions.0.transformer_blocks.0.attn2.to_v.weight,K1b_fused_vs_fake_fp32,1.9669532775878906e-06,1.7889975367779698e-07,2.3870140353210445e-07
mid_block.attentions.0.transformer_blocks.0.attn2.to_v.weight,K2_fake_fp16_vs_fp32,0.0032868385314941406,0.0003291793109383434,0.0004392155969981104
mid_block.attentions.0.transformer_blocks.0.attn2.to_v.weight,hypothetical_int16_acc_saturation,2.859330415725708,0.018823903053998947,0.02511625550687313
mid_block.attentions.0.transformer_blocks.0.attn2.to_v.weight,hypothetical_per_tile_act_scale,0.2857697010040283,0.022355420514941216,0.02982827089726925
mid_block.attentions.0.transformer_blocks.0.attn2.to_v.weight,quant_error_vs_fp32,0.27655118703842163,0.02365363948047161,0.03156045079231262
