editor,concept,quant,tensor,frac_edit_fits,median_edit_over_slack,p90_edit_over_slack,code_reversion,iters
uce,style,w8a8_sq,down_blocks.0.attentions.0.transformer_blocks.0.attn2.to_k.weight,0.18389485677083334,3.554445862994083,22.425113315967856,0.16896158854166668,100
uce,style,w8a8_sq,down_blocks.0.attentions.0.transformer_blocks.0.attn2.to_v.weight,0.16866455078125,3.683899511389829,22.763421182506296,0.15485432942708333,100
uce,style,w8a8_sq,down_blocks.0.attentions.1.transformer_blocks.0.attn2.to_k.weight,0.21868489583333334,2.9264927578217588,18.806959462415332,0.20420735677083332,100
uce,style,w8a8_sq,down_blocks.0.attentions.1.transformer_blocks.0.attn2.to_v.weight,0.16474202473958333,3.7892630073212197,23.792345675402302,0.1457763671875,100
uce,style,w8a8_sq,down_blocks.1.attentions.0.transformer_blocks.0.attn2.to_k.weight,0.162335205078125,3.975372021536001,24.488386222372426,0.15225830078125,100
uce,style,w8a8_sq,down_blocks.1.attentions.0.transformer_blocks.0.attn2.to_v.weight,0.15771891276041666,3.972554982611776,24.44059850033859,0.14746500651041666,50
uce,style,w8a8_sq,down_blocks.1.attentions.1.transformer_blocks.0.attn2.to_k.weight,0.17878824869791668,3.585455201983744,22.41092894967502,0.16156412760416666,100
uce,style,w8a8_sq,down_blocks.1.attentions.1.transformer_blocks.0.attn2.to_v.weight,0.15270182291666667,4.093623245328725,24.978039647327787,0.13455607096354166,100
uce,style,w8a8_sq,down_blocks.2.attentions.0.transformer_blocks.0.attn2.to_k.weight,0.1547698974609375,4.063583514183813,24.54074225197826,0.1430816650390625,100
uce,style,w8a8_sq,down_blocks.2.attentions.0.transformer_blocks.0.attn2.to_v.weight,0.15610860188802084,3.9946093876617077,24.392253618025645,0.1467437744140625,50
uce,style,w8a8_sq,down_blocks.2.attentions.1.transformer_blocks.0.attn2.to_k.weight,0.15699055989583333,3.9621158710546434,24.049992978597356,0.1479461669921875,50
uce,style,w8a8_sq,down_blocks.2.attentions.1.transformer_blocks.0.attn2.to_v.weight,0.16760355631510418,3.724273280790821,22.93565455635537,0.15537007649739584,100
uce,style,w8a8_sq,mid_block.attentions.0.transformer_blocks.0.attn2.to_k.weight,0.15347086588541667,4.077452555333061,24.7833018740464,0.14288838704427084,100
uce,style,w8a8_sq,mid_block.attentions.0.transformer_blocks.0.attn2.to_v.weight,0.16186625162760418,3.8372339236611133,23.46793568182723,0.1495269775390625,100
uce,style,w8a8_sq,up_blocks.1.attentions.0.transformer_blocks.0.attn2.to_k.weight,0.15566304524739583,4.006670937496484,24.390368530236067,0.14813334147135418,50
uce,style,w8a8_sq,up_blocks.1.attentions.0.transformer_blocks.0.attn2.to_v.weight,0.16246439615885416,3.8016498926722377,23.29324458252561,0.15193277994791668,50
uce,style,w8a8_sq,up_blocks.1.attentions.1.transformer_blocks.0.attn2.to_k.weight,0.1608856201171875,3.870295288757262,23.567780086283875,0.15402323404947918,100
uce,style,w8a8_sq,up_blocks.1.attentions.1.transformer_blocks.0.attn2.to_v.weight,0.16748555501302084,3.7042471561246604,22.834410868650913,0.1565948486328125,100
uce,style,w8a8_sq,up_blocks.1.attentions.2.transformer_blocks.0.attn2.to_k.weight,0.15616455078125,4.008323718035026,24.37986760179603,0.14905293782552084,50
uce,style,w8a8_sq,up_blocks.1.attentions.2.transformer_blocks.0.attn2.to_v.weight,0.16073506673177082,3.854984883779603,23.66984959322947,0.1520172119140625,50
uce,style,w8a8_sq,up_blocks.2.attentions.0.transformer_blocks.0.attn2.to_k.weight,0.15341593424479166,4.103262575227446,24.917555337057067,0.14298095703125,50
uce,style,w8a8_sq,up_blocks.2.attentions.0.transformer_blocks.0.attn2.to_v.weight,0.15452677408854168,4.019574119538491,24.82447746838163,0.14457600911458332,50
uce,style,w8a8_sq,up_blocks.2.attentions.1.transformer_blocks.0.attn2.to_k.weight,0.16592000325520834,3.7754847425381204,23.15267509562536,0.15453084309895834,100
uce,style,w8a8_sq,up_blocks.2.attentions.1.transformer_blocks.0.attn2.to_v.weight,0.16558024088541667,3.771122664650036,23.196440374358087,0.154010009765625,100
uce,style,w8a8_sq,up_blocks.2.attentions.2.transformer_blocks.0.attn2.to_k.weight,0.16424763997395833,3.941195182807556,24.17525997759207,0.15207722981770833,100
uce,style,w8a8_sq,up_blocks.2.attentions.2.transformer_blocks.0.attn2.to_v.weight,0.15416463216145834,4.095789889326844,25.376688406149707,0.14452107747395834,50
uce,style,w8a8_sq,up_blocks.3.attentions.0.transformer_blocks.0.attn2.to_k.weight,0.21476643880208332,3.0331248737773344,19.664588363182716,0.20269775390625,100
uce,style,w8a8_sq,up_blocks.3.attentions.0.transformer_blocks.0.attn2.to_v.weight,0.15782877604166667,4.024206868342967,24.47883850180736,0.14629720052083334,100
uce,style,w8a8_sq,up_blocks.3.attentions.1.transformer_blocks.0.attn2.to_k.weight,0.212060546875,3.0572159741570433,19.87080023248665,0.19577229817708333,100
uce,style,w8a8_sq,up_blocks.3.attentions.1.transformer_blocks.0.attn2.to_v.weight,0.15528564453125,4.028297640215479,24.64694327574104,0.14112141927083333,100
uce,style,w8a8_sq,up_blocks.3.attentions.2.transformer_blocks.0.attn2.to_k.weight,0.22961832682291666,2.833918283489832,18.88163506201305,0.2090087890625,100
uce,style,w8a8_sq,up_blocks.3.attentions.2.transformer_blocks.0.attn2.to_v.weight,0.15693766276041668,3.9958069930054174,24.989572243459502,0.14066569010416666,100
uce,style,int8_wo,down_blocks.0.attentions.0.transformer_blocks.0.attn2.to_k.weight,0.16064453125,3.8894070927194706,23.156087561092605,0.15341389973958333,100
uce,style,int8_wo,down_blocks.0.attentions.0.transformer_blocks.0.attn2.to_v.weight,0.16861165364583333,3.6374233080879224,21.586474982250287,0.16437174479166666,100
uce,style,int8_wo,down_blocks.0.attentions.1.transformer_blocks.0.attn2.to_k.weight,0.19761962890625,3.1822924856225208,19.316772324580633,0.19053548177083332,100
uce,style,int8_wo,down_blocks.0.attentions.1.transformer_blocks.0.attn2.to_v.weight,0.16883138020833333,3.712362050084205,22.17690384125246,0.164990234375,150
uce,style,int8_wo,down_blocks.1.attentions.0.transformer_blocks.0.attn2.to_k.weight,0.14933064778645833,4.163421005047014,24.530046495625584,0.14470621744791667,50
uce,style,int8_wo,down_blocks.1.attentions.0.transformer_blocks.0.attn2.to_v.weight,0.15905354817708334,3.8998416041504216,22.899714196511145,0.15513102213541666,100
uce,style,int8_wo,down_blocks.1.attentions.1.transformer_blocks.0.attn2.to_k.weight,0.15550944010416667,4.004354771646629,23.779552697003393,0.15022786458333334,100
uce,style,int8_wo,down_blocks.1.attentions.1.transformer_blocks.0.attn2.to_v.weight,0.1572265625,3.9242098562878884,22.935099161712657,0.15361124674479168,100
uce,style,int8_wo,down_blocks.2.attentions.0.transformer_blocks.0.attn2.to_k.weight,0.145111083984375,4.264414244057816,25.10436362815765,0.14102884928385417,50
uce,style,int8_wo,down_blocks.2.attentions.0.transformer_blocks.0.attn2.to_v.weight,0.15570068359375,3.974643587442853,23.33077621495232,0.15164388020833333,50
uce,style,int8_wo,down_blocks.2.attentions.1.transformer_blocks.0.attn2.to_k.weight,0.1505157470703125,4.105146347569027,24.148779379488666,0.14661865234375,50
uce,style,int8_wo,down_blocks.2.attentions.1.transformer_blocks.0.attn2.to_v.weight,0.16523335774739584,3.7404455409182247,22.111649511454665,0.16072998046875,100
uce,style,int8_wo,mid_block.attentions.0.transformer_blocks.0.attn2.to_k.weight,0.14391682942708334,4.301288448963721,25.164315654347572,0.13917948404947916,50
uce,style,int8_wo,mid_block.attentions.0.transformer_blocks.0.attn2.to_v.weight,0.155633544921875,3.944472593571246,23.194389264481792,0.151849365234375,100
uce,style,int8_wo,up_blocks.1.attentions.0.transformer_blocks.0.attn2.to_k.weight,0.15208841959635416,4.069560135677856,24.001143924364957,0.147784423828125,50
uce,style,int8_wo,up_blocks.1.attentions.0.transformer_blocks.0.attn2.to_v.weight,0.161688232421875,3.78851165611466,22.126814956927507,0.15761210123697916,100
uce,style,int8_wo,up_blocks.1.attentions.1.transformer_blocks.0.attn2.to_k.weight,0.1565704345703125,3.9265011298785835,23.147517017621464,0.153265380859375,50
uce,style,int8_wo,up_blocks.1.attentions.1.transformer_blocks.0.attn2.to_v.weight,0.16925455729166666,3.6345950606041506,21.37265422456731,0.165509033203125,100
uce,style,int8_wo,up_blocks.1.attentions.2.transformer_blocks.0.attn2.to_k.weight,0.1512603759765625,4.080440047964698,24.13119824570627,0.14695638020833332,50
uce,style,int8_wo,up_blocks.1.attentions.2.transformer_blocks.0.attn2.to_v.weight,0.16516927083333333,3.734712682701875,21.997185335610226,0.1612579345703125,100
uce,style,int8_wo,up_blocks.2.attentions.0.transformer_blocks.0.attn2.to_k.weight,0.14725138346354166,4.2247930163992065,24.923797400035532,0.14247639973958334,50
uce,style,int8_wo,up_blocks.2.attentions.0.transformer_blocks.0.attn2.to_v.weight,0.16222941080729167,3.787684558382989,22.163940738964573,0.15935262044270834,100
uce,style,int8_wo,up_blocks.2.attentions.1.transformer_blocks.0.attn2.to_k.weight,0.152197265625,4.0194367005794005,23.501744547285266,0.14769083658854168,50
uce,style,int8_wo,up_blocks.2.attentions.1.transformer_blocks.0.attn2.to_v.weight,0.17244669596354167,3.571548938716273,21.01235331693936,0.16805216471354167,100
uce,style,int8_wo,up_blocks.2.attentions.2.transformer_blocks.0.attn2.to_k.weight,0.149688720703125,4.157876276744756,24.455535228510882,0.1451416015625,50
uce,style,int8_wo,up_blocks.2.attentions.2.transformer_blocks.0.attn2.to_v.weight,0.16528727213541666,3.7403094974407445,22.151370365916186,0.16183675130208333,100
uce,style,int8_wo,up_blocks.3.attentions.0.transformer_blocks.0.attn2.to_k.weight,0.20734456380208333,3.005804973990848,18.212398036672766,0.1987060546875,100
uce,style,int8_wo,up_blocks.3.attentions.0.transformer_blocks.0.attn2.to_v.weight,0.16123046875,3.9414072560938127,23.2587108884586,0.154638671875,100
uce,style,int8_wo,up_blocks.3.attentions.1.transformer_blocks.0.attn2.to_k.weight,0.18780517578125,3.3471569262189944,20.289687116541245,0.18017985026041666,100
uce,style,int8_wo,up_blocks.3.attentions.1.transformer_blocks.0.attn2.to_v.weight,0.16387939453125,3.805484796377042,22.381866725627233,0.15874837239583334,100
uce,style,int8_wo,up_blocks.3.attentions.2.transformer_blocks.0.attn2.to_k.weight,0.20469156901041666,3.0646732597533486,18.529220539529078,0.1959228515625,100
uce,style,int8_wo,up_blocks.3.attentions.2.transformer_blocks.0.attn2.to_v.weight,0.1738037109375,3.6030471066494734,21.45657319500093,0.16807047526041666,100
uce,style,int4_g128,down_blocks.0.attentions.0.transformer_blocks.0.attn2.to_k.weight,0.8373860677083333,0.27072091408421,1.6919509315840755,0.8364583333333333,1300
uce,style,int4_g128,down_blocks.0.attentions.0.transformer_blocks.0.attn2.to_v.weight,0.8508992513020833,0.24811654216790266,1.5428702477749034,0.8529500325520833,1400
uce,style,int4_g128,down_blocks.0.attentions.1.transformer_blocks.0.attn2.to_k.weight,0.8490478515625,0.24555869943237296,1.5609407641626694,0.8482177734375,1500
uce,style,int4_g128,down_blocks.0.attentions.1.transformer_blocks.0.attn2.to_v.weight,0.8431599934895834,0.2587459987965706,1.61980184441441,0.8440226236979167,1450
uce,style,int4_g128,down_blocks.1.attentions.0.transformer_blocks.0.attn2.to_k.weight,0.8320882161458333,0.2794720905438834,1.7458220824960937,0.83255615234375,1150
uce,style,int4_g128,down_blocks.1.attentions.0.transformer_blocks.0.attn2.to_v.weight,0.842083740234375,0.2621853926739603,1.6305042901093265,0.843560791015625,1250
uce,style,int4_g128,down_blocks.1.attentions.1.transformer_blocks.0.attn2.to_k.weight,0.8331563313802083,0.27982815596195115,1.7287386824930835,0.83262939453125,1300
uce,style,int4_g128,down_blocks.1.attentions.1.transformer_blocks.0.attn2.to_v.weight,0.838330078125,0.26958582011718824,1.6760357565518869,0.8404012044270833,1250
uce,style,int4_g128,down_blocks.2.attentions.0.transformer_blocks.0.attn2.to_k.weight,0.8297709147135417,0.2853128403458772,1.7658145379342076,0.8298797607421875,1200
uce,style,int4_g128,down_blocks.2.attentions.0.transformer_blocks.0.attn2.to_v.weight,0.8384541829427083,0.26868189920640906,1.6784360888832373,0.8398030598958334,1250
uce,style,int4_g128,down_blocks.2.attentions.1.transformer_blocks.0.attn2.to_k.weight,0.8354502360026042,0.2747294826987422,1.7046888254605082,0.8361897786458333,1200
uce,style,int4_g128,down_blocks.2.attentions.1.transformer_blocks.0.attn2.to_v.weight,0.8487874348958333,0.2517658681340001,1.5628969462453672,0.8507548014322917,1250
uce,style,int4_g128,mid_block.attentions.0.transformer_blocks.0.attn2.to_k.weight,0.8270100911458333,0.2903345522789313,1.8010707384701314,0.8273030598958333,1250
uce,style,int4_g128,mid_block.attentions.0.transformer_blocks.0.attn2.to_v.weight,0.84127197265625,0.2642933546340483,1.647891767619504,0.8427215576171875,1250
uce,style,int4_g128,up_blocks.1.attentions.0.transformer_blocks.0.attn2.to_k.weight,0.8364349365234375,0.2726999138188859,1.7068715641131706,0.8374186197916667,1200
uce,style,int4_g128,up_blocks.1.attentions.0.transformer_blocks.0.attn2.to_v.weight,0.8478607177734375,0.254145631619676,1.5738729902225161,0.8496734619140625,1200
uce,style,int4_g128,up_blocks.1.attentions.1.transformer_blocks.0.attn2.to_k.weight,0.84127197265625,0.2650423527284139,1.6481152490283986,0.8425669352213542,1250
uce,style,int4_g128,up_blocks.1.attentions.1.transformer_blocks.0.attn2.to_v.weight,0.8518391927083333,0.24492863497553471,1.529190446675909,0.8536905924479167,1200
uce,style,int4_g128,up_blocks.1.attentions.2.transformer_blocks.0.attn2.to_k.weight,0.8344950358072917,0.2757794100265501,1.7209611134575133,0.8353922526041667,1200
uce,style,int4_g128,up_blocks.1.attentions.2.transformer_blocks.0.attn2.to_v.weight,0.8477579752604166,0.2522106916696097,1.573775211456581,0.8501800537109375,1200
uce,style,int4_g128,up_blocks.2.attentions.0.transformer_blocks.0.attn2.to_k.weight,0.8242919921875,0.2920620760753038,1.8331489907985377,0.8238138834635417,1200
uce,style,int4_g128,up_blocks.2.attentions.0.transformer_blocks.0.attn2.to_v.weight,0.8452738444010417,0.25715203334061487,1.6046243460955543,0.847015380859375,1200
uce,style,int4_g128,up_blocks.2.attentions.1.transformer_blocks.0.attn2.to_k.weight,0.838909912109375,0.2696737073603104,1.67969481993998,0.8388570149739584,1250
uce,style,int4_g128,up_blocks.2.attentions.1.transformer_blocks.0.attn2.to_v.weight,0.8532307942708334,0.24471928891923486,1.5154268138398772,0.8550638834635417,1300
uce,style,int4_g128,up_blocks.2.attentions.2.transformer_blocks.0.attn2.to_k.weight,0.830804443359375,0.2823948850169653,1.7663830260662787,0.830792236328125,1150
uce,style,int4_g128,up_blocks.2.attentions.2.transformer_blocks.0.attn2.to_v.weight,0.8444315592447916,0.25627065010640726,1.6143691118910202,0.846270751953125,1200
uce,style,int4_g128,up_blocks.3.attentions.0.transformer_blocks.0.attn2.to_k.weight,0.8413818359375,0.25642298082667786,1.641097896552275,0.8403564453125,1450
uce,style,int4_g128,up_blocks.3.attentions.0.transformer_blocks.0.attn2.to_v.weight,0.83309326171875,0.27963675289994405,1.7402019568188898,0.8328776041666667,1350
uce,style,int4_g128,up_blocks.3.attentions.1.transformer_blocks.0.attn2.to_k.weight,0.8383015950520833,0.26580550725360746,1.6808913815120377,0.8358805338541667,1450
uce,style,int4_g128,up_blocks.3.attentions.1.transformer_blocks.0.attn2.to_v.weight,0.8395711263020833,0.26598383314579893,1.6621378373632179,0.84044189453125,1350
uce,style,int4_g128,up_blocks.3.attentions.2.transformer_blocks.0.attn2.to_k.weight,0.8438273111979167,0.25081365375284687,1.6226657902213815,0.84044189453125,1550
uce,style,int4_g128,up_blocks.3.attentions.2.transformer_blocks.0.attn2.to_v.weight,0.8408528645833333,0.26188487714364683,1.6523004952446405,0.8425374348958333,1300
uce,style,nf4_g64,down_blocks.0.attentions.0.transformer_blocks.0.attn2.to_k.weight,0.7533772786458334,0.4062535172275025,2.780888445912596,0.7603230794270833,1100
uce,style,nf4_g64,down_blocks.0.attentions.0.transformer_blocks.0.attn2.to_v.weight,0.77105712890625,0.3743296660139303,2.573350476169002,0.7798014322916667,1200
uce,style,nf4_g64,down_blocks.0.attentions.1.transformer_blocks.0.attn2.to_k.weight,0.7638834635416667,0.3842318607704663,2.6499175871693437,0.7691813151041667,1200
uce,style,nf4_g64,down_blocks.0.attentions.1.transformer_blocks.0.attn2.to_v.weight,0.7594930013020833,0.3928658124164678,2.7023379178009472,0.7670694986979166,1200
uce,style,nf4_g64,down_blocks.1.attentions.0.transformer_blocks.0.attn2.to_k.weight,0.7469502766927083,0.41723938510678066,2.867395928335395,0.753594970703125,950
uce,style,nf4_g64,down_blocks.1.attentions.0.transformer_blocks.0.attn2.to_v.weight,0.759405517578125,0.3939212923601923,2.7098423969235292,0.7676839192708333,1050
uce,style,nf4_g64,down_blocks.1.attentions.1.transformer_blocks.0.attn2.to_k.weight,0.7464152018229167,0.42024538689460156,2.855105963062021,0.7524393717447917,1050
uce,style,nf4_g64,down_blocks.1.attentions.1.transformer_blocks.0.attn2.to_v.weight,0.7512552897135417,0.41135283514585036,2.815443641833212,0.7594014485677083,1050
uce,style,nf4_g64,down_blocks.2.attentions.0.transformer_blocks.0.attn2.to_k.weight,0.7445343017578125,0.42182440176946756,2.9046144541257743,0.7516825358072917,1000
uce,style,nf4_g64,down_blocks.2.attentions.0.transformer_blocks.0.attn2.to_v.weight,0.7557078043619792,0.4002926398358553,2.768474901140635,0.7639444986979167,1050
uce,style,nf4_g64,down_blocks.2.attentions.1.transformer_blocks.0.attn2.to_k.weight,0.7531005859375,0.40530930606561727,2.7840927633271364,0.76087646484375,1050
uce,style,nf4_g64,down_blocks.2.attentions.1.transformer_blocks.0.attn2.to_v.weight,0.7693328857421875,0.37488301577156113,2.580312440213587,0.7781290690104167,1050
uce,style,nf4_g64,mid_block.attentions.0.transformer_blocks.0.attn2.to_k.weight,0.7404551188151042,0.4301761321911185,2.9462419701652096,0.7478261311848958,1050
uce,style,nf4_g64,mid_block.attentions.0.transformer_blocks.0.attn2.to_v.weight,0.7613301595052083,0.3914798463628861,2.6756986264683564,0.7696085611979167,1100
uce,style,nf4_g64,up_blocks.1.attentions.0.transformer_blocks.0.attn2.to_k.weight,0.7540659586588542,0.404689321538709,2.783527035940323,0.7621907552083333,1000
uce,style,nf4_g64,up_blocks.1.attentions.0.transformer_blocks.0.attn2.to_v.weight,0.7683451334635417,0.3767647170636874,2.594039164615964,0.7771189371744792,1050
uce,style,nf4_g64,up_blocks.1.attentions.1.transformer_blocks.0.attn2.to_k.weight,0.7593607584635417,0.39365925136186386,2.7105179615524237,0.7678578694661459,1050
uce,style,nf4_g64,up_blocks.1.attentions.1.transformer_blocks.0.attn2.to_v.weight,0.7748860677083333,0.36647956311045565,2.527061422829215,0.7836863199869791,1050
uce,style,nf4_g64,up_blocks.1.attentions.2.transformer_blocks.0.attn2.to_k.weight,0.7502227783203125,0.4101043026576149,2.8267340666585707,0.7580464680989584,1000
uce,style,nf4_g64,up_blocks.1.attentions.2.transformer_blocks.0.attn2.to_v.weight,0.7670817057291667,0.37998653025219714,2.61732624724166,0.7758504231770833,1050
uce,style,nf4_g64,up_blocks.2.attentions.0.transformer_blocks.0.attn2.to_k.weight,0.7359151204427083,0.4375001442618009,3.0032848957523433,0.7421284993489583,1000
uce,style,nf4_g64,up_blocks.2.attentions.0.transformer_blocks.0.attn2.to_v.weight,0.7601033528645833,0.39259161450680313,2.7005970558712793,0.768292236328125,1050
uce,style,nf4_g64,up_blocks.2.attentions.1.transformer_blocks.0.attn2.to_k.weight,0.7574055989583334,0.40064621159916125,2.731266439326155,0.7646891276041666,1050
uce,style,nf4_g64,up_blocks.2.attentions.1.transformer_blocks.0.attn2.to_v.weight,0.773919677734375,0.37044634082103955,2.525948077130252,0.782269287109375,1150
uce,style,nf4_g64,up_blocks.2.attentions.2.transformer_blocks.0.attn2.to_k.weight,0.745574951171875,0.41917713863167716,2.8876940633737154,0.7525614420572917,1000
uce,style,nf4_g64,up_blocks.2.attentions.2.transformer_blocks.0.attn2.to_v.weight,0.7581278483072916,0.39457859095394016,2.7280394142991398,0.767431640625,1000
uce,style,nf4_g64,up_blocks.3.attentions.0.transformer_blocks.0.attn2.to_k.weight,0.7477945963541667,0.4114229676734861,2.848106787621296,0.7521036783854167,1150
uce,style,nf4_g64,up_blocks.3.attentions.0.transformer_blocks.0.attn2.to_v.weight,0.746875,0.4164666853978301,2.8749948734876685,0.75361328125,1100
uce,style,nf4_g64,up_blocks.3.attentions.1.transformer_blocks.0.attn2.to_k.weight,0.7462727864583333,0.41847737501838445,2.884599920537533,0.7515462239583334,1150
uce,style,nf4_g64,up_blocks.3.attentions.1.transformer_blocks.0.attn2.to_v.weight,0.7529947916666667,0.4061825369542471,2.7946944190677816,0.7597127278645833,1150
uce,style,nf4_g64,up_blocks.3.attentions.2.transformer_blocks.0.attn2.to_k.weight,0.752978515625,0.401481655953956,2.7971646285890257,0.757080078125,1200
uce,style,nf4_g64,up_blocks.3.attentions.2.transformer_blocks.0.attn2.to_v.weight,0.7506388346354167,0.4088924911815686,2.8195352150217357,0.7584757486979167,1050
time,style,w8a8_sq,down_blocks.0.attentions.0.transformer_blocks.0.attn2.to_k.weight,0.1825927734375,3.5795593197659246,22.613937144464963,0.16800130208333333,100
time,style,w8a8_sq,down_blocks.0.attentions.0.transformer_blocks.0.attn2.to_v.weight,0.16783447265625,3.7104909040029233,22.915197799871603,0.15384521484375,100
time,style,w8a8_sq,down_blocks.0.attentions.1.transformer_blocks.0.attn2.to_k.weight,0.21722412109375,2.9492909072728457,18.948885369337557,0.20304768880208332,100
time,style,w8a8_sq,down_blocks.0.attentions.1.transformer_blocks.0.attn2.to_v.weight,0.163623046875,3.8209942120161053,23.966495867476645,0.14476725260416667,100
time,style,w8a8_sq,down_blocks.1.attentions.0.transformer_blocks.0.attn2.to_k.weight,0.16117757161458332,4.003395581601647,24.63825968209861,0.15124918619791666,100
time,style,w8a8_sq,down_blocks.1.attentions.0.transformer_blocks.0.attn2.to_v.weight,0.156683349609375,4.000646173525254,24.622283245118734,0.14648844401041666,50
time,style,w8a8_sq,down_blocks.1.attentions.1.transformer_blocks.0.attn2.to_k.weight,0.1775146484375,3.6103523739529386,22.557229505960567,0.160467529296875,100
time,style,w8a8_sq,down_blocks.1.attentions.1.transformer_blocks.0.attn2.to_v.weight,0.15172932942708334,4.122037909406764,25.16784206351935,0.13373209635416666,100
time,style,w8a8_sq,down_blocks.2.attentions.0.transformer_blocks.0.attn2.to_k.weight,0.15373331705729168,4.09299548430868,24.70257605118884,0.142095947265625,100
time,style,w8a8_sq,down_blocks.2.attentions.0.transformer_blocks.0.attn2.to_v.weight,0.1549713134765625,4.022619517201278,24.559662767508225,0.14575297037760418,50
time,style,w8a8_sq,down_blocks.2.attentions.1.transformer_blocks.0.attn2.to_k.weight,0.15599466959635416,3.9905075971578063,24.216436844973906,0.1470184326171875,50
time,style,w8a8_sq,down_blocks.2.attentions.1.transformer_blocks.0.attn2.to_v.weight,0.1664947509765625,3.7495311238435356,23.087247152796905,0.15427449544270833,100
time,style,w8a8_sq,mid_block.attentions.0.transformer_blocks.0.attn2.to_k.weight,0.15236918131510416,4.107241459952664,24.956533791904874,0.14188028971354166,100
time,style,w8a8_sq,mid_block.attentions.0.transformer_blocks.0.attn2.to_v.weight,0.16074422200520833,3.8647220303248253,23.62005856335096,0.14838460286458333,100
time,style,w8a8_sq,up_blocks.1.attentions.0.transformer_blocks.0.attn2.to_k.weight,0.15454305013020833,4.03461754105419,24.55987844478354,0.147076416015625,50
time,style,w8a8_sq,up_blocks.1.attentions.0.transformer_blocks.0.attn2.to_v.weight,0.16136881510416667,3.8285315728400993,23.452332875572054,0.15089213053385417,50
time,style,w8a8_sq,up_blocks.1.attentions.1.transformer_blocks.0.attn2.to_k.weight,0.15992024739583333,3.8972929605418103,23.726489543729826,0.15305379231770833,100
time,style,w8a8_sq,up_blocks.1.attentions.1.transformer_blocks.0.attn2.to_v.weight,0.16632588704427084,3.731048632453312,22.998548843169964,0.15552775065104166,100
time,style,w8a8_sq,up_blocks.1.attentions.2.transformer_blocks.0.attn2.to_k.weight,0.15521036783854167,4.037099014889292,24.537155295034797,0.14799601236979168,50
time,style,w8a8_sq,up_blocks.1.attentions.2.transformer_blocks.0.attn2.to_v.weight,0.15956624348958334,3.882118547397937,23.822707003658376,0.1509429931640625,50
time,style,w8a8_sq,up_blocks.2.attentions.0.transformer_blocks.0.attn2.to_k.weight,0.15247599283854166,4.131626509854094,25.094602501581353,0.141986083984375,50
time,style,w8a8_sq,up_blocks.2.attentions.0.transformer_blocks.0.attn2.to_v.weight,0.153631591796875,4.048412945741571,25.001847642725618,0.14355265299479167,50
time,style,w8a8_sq,up_blocks.2.attentions.1.transformer_blocks.0.attn2.to_k.weight,0.16486612955729166,3.803540683523499,23.313823592203327,0.15352783203125,100
time,style,w8a8_sq,up_blocks.2.attentions.1.transformer_blocks.0.attn2.to_v.weight,0.16454060872395834,3.7989504190633836,23.373000715043855,0.15294596354166667,100
time,style,w8a8_sq,up_blocks.2.attentions.2.transformer_blocks.0.attn2.to_k.weight,0.16321818033854166,3.9698190912700744,24.35215503326247,0.15118408203125,100
time,style,w8a8_sq,up_blocks.2.attentions.2.transformer_blocks.0.attn2.to_v.weight,0.15311075846354166,4.125778125988287,25.557592027582622,0.14357503255208334,50
time,style,w8a8_sq,up_blocks.3.attentions.0.transformer_blocks.0.attn2.to_k.weight,0.21341552734375,3.0601531048131925,19.81427546812458,0.20142415364583333,100
time,style,w8a8_sq,up_blocks.3.attentions.0.transformer_blocks.0.attn2.to_v.weight,0.15701497395833333,4.057210484274673,24.695623928688413,0.14516194661458334,100
time,style,w8a8_sq,up_blocks.3.attentions.1.transformer_blocks.0.attn2.to_k.weight,0.2107421875,3.0808315550672685,20.015876111368,0.19442138671875,100
time,style,w8a8_sq,up_blocks.3.attentions.1.transformer_blocks.0.attn2.to_v.weight,0.15400390625,4.062034866592113,24.8534634488892,0.14022623697916667,100
time,style,w8a8_sq,up_blocks.3.attentions.2.transformer_blocks.0.attn2.to_k.weight,0.22820638020833334,2.8557643226176297,19.040608618702123,0.2075439453125,100
time,style,w8a8_sq,up_blocks.3.attentions.2.transformer_blocks.0.attn2.to_v.weight,0.15565999348958334,4.027312000049461,25.162827505789405,0.13939615885416667,100
time,style,int8_wo,down_blocks.0.attentions.0.transformer_blocks.0.attn2.to_k.weight,0.1595458984375,3.9150746459098205,23.326607988014363,0.1524169921875,100
time,style,int8_wo,down_blocks.0.attentions.0.transformer_blocks.0.attn2.to_v.weight,0.16741943359375,3.6648995144366365,21.72569116541082,0.16312662760416666,100
time,style,int8_wo,down_blocks.0.attentions.1.transformer_blocks.0.attn2.to_k.weight,0.1960693359375,3.206119989704405,19.47897066364188,0.18933512369791666,100
time,style,int8_wo,down_blocks.0.attentions.1.transformer_blocks.0.attn2.to_v.weight,0.16756998697916667,3.740753709264962,22.337604583404648,0.16378987630208333,150
time,style,int8_wo,down_blocks.1.attentions.0.transformer_blocks.0.attn2.to_k.weight,0.14830525716145834,4.192692010396048,24.69277490327648,0.14387410481770832,50
time,style,int8_wo,down_blocks.1.attentions.0.transformer_blocks.0.attn2.to_v.weight,0.158056640625,3.9267400249041557,23.065582792647014,0.154119873046875,100
time,style,int8_wo,down_blocks.1.attentions.1.transformer_blocks.0.attn2.to_k.weight,0.1544921875,4.034615353166357,23.944164717385576,0.14922078450520834,100
time,style,int8_wo,down_blocks.1.attentions.1.transformer_blocks.0.attn2.to_v.weight,0.156195068359375,3.9529147848950514,23.09779268788142,0.15251668294270834,100
time,style,int8_wo,down_blocks.2.attentions.0.transformer_blocks.0.attn2.to_k.weight,0.14426778157552084,4.294651825929031,25.275230153901806,0.14001566569010418,50
time,style,int8_wo,down_blocks.2.attentions.0.transformer_blocks.0.attn2.to_v.weight,0.15455830891927083,4.002458670110285,23.481592582665748,0.15072428385416667,50
time,style,int8_wo,down_blocks.2.attentions.1.transformer_blocks.0.attn2.to_k.weight,0.1495208740234375,4.135148645890211,24.323865103837562,0.14571736653645834,50
time,style,int8_wo,down_blocks.2.attentions.1.transformer_blocks.0.attn2.to_v.weight,0.16416015625,3.766383335518239,22.264267476713968,0.15955912272135417,100
time,style,int8_wo,mid_block.attentions.0.transformer_blocks.0.attn2.to_k.weight,0.1429534912109375,4.33199835020059,25.339174397856638,0.138311767578125,50
time,style,int8_wo,mid_block.attentions.0.transformer_blocks.0.attn2.to_v.weight,0.15467529296875,3.9718690443522497,23.352403606046867,0.15078023274739583,100
time,style,int8_wo,up_blocks.1.attentions.0.transformer_blocks.0.attn2.to_k.weight,0.15114339192708334,4.098001620883649,24.158696100636103,0.14669392903645834,50
time,style,int8_wo,up_blocks.1.attentions.0.transformer_blocks.0.attn2.to_v.weight,0.16049397786458333,3.8152829074414916,22.281216246980325,0.15659281412760417,100
time,style,int8_wo,up_blocks.1.attentions.1.transformer_blocks.0.attn2.to_k.weight,0.15546468098958333,3.952987614435901,23.30346148684106,0.15221964518229167,50
time,style,int8_wo,up_blocks.1.attentions.1.transformer_blocks.0.attn2.to_v.weight,0.16810201009114584,3.6606090303972327,21.518519132839206,0.16438496907552083,100
time,style,int8_wo,up_blocks.1.attentions.2.transformer_blocks.0.attn2.to_k.weight,0.15019938151041667,4.108051198512721,24.29095850333914,0.145965576171875,50
time,style,int8_wo,up_blocks.1.attentions.2.transformer_blocks.0.attn2.to_v.weight,0.16396077473958334,3.76078225218711,22.152225768041735,0.160211181640625,100
time,style,int8_wo,up_blocks.2.attentions.0.transformer_blocks.0.attn2.to_k.weight,0.146234130859375,4.252018774266139,25.09159256305835,0.14146728515625,50
time,style,int8_wo,up_blocks.2.attentions.0.transformer_blocks.0.attn2.to_v.weight,0.16104532877604166,3.814722225697007,22.324910460740206,0.158245849609375,100
time,style,int8_wo,up_blocks.2.attentions.1.transformer_blocks.0.attn2.to_k.weight,0.15119832356770832,4.048687893697832,23.671538619442735,0.14658406575520833,50
time,style,int8_wo,up_blocks.2.attentions.1.transformer_blocks.0.attn2.to_v.weight,0.17120768229166666,3.596559542392987,21.158256594297114,0.16695760091145834,100
time,style,int8_wo,up_blocks.2.attentions.2.transformer_blocks.0.attn2.to_k.weight,0.14864501953125,4.188012042981505,24.630224550878907,0.14426676432291666,50
time,style,int8_wo,up_blocks.2.attentions.2.transformer_blocks.0.attn2.to_v.weight,0.164178466796875,3.7671701810268545,22.301494502937846,0.16074422200520833,100
time,style,int8_wo,up_blocks.3.attentions.0.transformer_blocks.0.attn2.to_k.weight,0.2057373046875,3.0293821749918433,18.3431208417189,0.19725341796875,100
time,style,int8_wo,up_blocks.3.attentions.0.transformer_blocks.0.attn2.to_v.weight,0.16007486979166666,3.9746739356202223,23.464578682212647,0.15357259114583333,100
time,style,int8_wo,up_blocks.3.attentions.1.transformer_blocks.0.attn2.to_k.weight,0.18634847005208333,3.373256107874271,20.428559017459584,0.17892252604166667,100
time,style,int8_wo,up_blocks.3.attentions.1.transformer_blocks.0.attn2.to_v.weight,0.16272786458333333,3.8368081615743455,22.558431429848984,0.15756429036458333,100
time,style,int8_wo,up_blocks.3.attentions.2.transformer_blocks.0.attn2.to_k.weight,0.20316975911458332,3.0875500325418272,18.675669192396125,0.19457600911458334,100
time,style,int8_wo,up_blocks.3.attentions.2.transformer_blocks.0.attn2.to_v.weight,0.17254231770833334,3.629153065135716,21.615996834664088,0.16682942708333334,100
time,style,int4_g128,down_blocks.0.attentions.0.transformer_blocks.0.attn2.to_k.weight,0.8362508138020833,0.27273144653635817,1.7036951578551138,0.8353434244791667,1300
time,style,int4_g128,down_blocks.0.attentions.0.transformer_blocks.0.attn2.to_v.weight,0.8498331705729166,0.2501516210174881,1.5556860342293777,0.8519775390625,1400
time,style,int4_g128,down_blocks.0.attentions.1.transformer_blocks.0.attn2.to_k.weight,0.84781494140625,0.24747431714517484,1.5716109501509596,0.8470458984375,1500
time,style,int4_g128,down_blocks.0.attentions.1.transformer_blocks.0.attn2.to_v.weight,0.8418904622395833,0.2604126010752816,1.6329053028578417,0.8428304036458333,1450
time,style,int4_g128,down_blocks.1.attentions.0.transformer_blocks.0.attn2.to_k.weight,0.831072998046875,0.281422096750527,1.7574628664881486,0.831427001953125,1150
time,style,int4_g128,down_blocks.1.attentions.0.transformer_blocks.0.attn2.to_v.weight,0.8409871419270833,0.26399943621045463,1.6426222852066212,0.8424784342447916,1250
time,style,int4_g128,down_blocks.1.attentions.1.transformer_blocks.0.attn2.to_k.weight,0.8320556640625,0.28192629038374345,1.740915517104082,0.8314127604166667,1300
time,style,int4_g128,down_blocks.1.attentions.1.transformer_blocks.0.attn2.to_v.weight,0.8372660319010417,0.2715221233503551,1.6887137182351009,0.8392191569010417,1300
time,style,int4_g128,down_blocks.2.attentions.0.transformer_blocks.0.attn2.to_k.weight,0.828631591796875,0.28736887903233616,1.7777520274731387,0.8287404378255209,1200
time,style,int4_g128,down_blocks.2.attentions.0.transformer_blocks.0.attn2.to_v.weight,0.8374043782552083,0.27062856400532853,1.689429044112778,0.838690185546875,1250
time,style,int4_g128,down_blocks.2.attentions.1.transformer_blocks.0.attn2.to_k.weight,0.8344401041666667,0.2767107040524753,1.7159882685917038,0.8350687662760417,1200
time,style,int4_g128,down_blocks.2.attentions.1.transformer_blocks.0.attn2.to_v.weight,0.8479176839192708,0.25347311346544393,1.5730933296419818,0.8497965494791667,1250
time,style,int4_g128,mid_block.attentions.0.transformer_blocks.0.attn2.to_k.weight,0.825836181640625,0.29238668663747047,1.8143666578393498,0.8260986328125,1250
time,style,int4_g128,mid_block.attentions.0.transformer_blocks.0.attn2.to_v.weight,0.8402364095052083,0.266149952355359,1.6590690163122075,0.8417215983072917,1250
time,style,int4_g128,up_blocks.1.attentions.0.transformer_blocks.0.attn2.to_k.weight,0.8354085286458334,0.27466335270081566,1.7186195425501394,0.8363555908203125,1200
time,style,int4_g128,up_blocks.1.attentions.0.transformer_blocks.0.attn2.to_v.weight,0.8469065348307292,0.255967451599688,1.5842281304700274,0.8486796061197917,1200
time,style,int4_g128,up_blocks.1.attentions.1.transformer_blocks.0.attn2.to_k.weight,0.8402201334635416,0.26691029232317,1.658327237411389,0.8414632161458333,1250
time,style,int4_g128,up_blocks.1.attentions.1.transformer_blocks.0.attn2.to_v.weight,0.8508219401041667,0.24669584604511297,1.5396287850830295,0.8525777180989583,1200
time,style,int4_g128,up_blocks.1.attentions.2.transformer_blocks.0.attn2.to_k.weight,0.83345947265625,0.2777620240636335,1.732956001715774,0.8342336018880209,1200
time,style,int4_g128,up_blocks.1.attentions.2.transformer_blocks.0.attn2.to_v.weight,0.8467844645182292,0.2540070242512786,1.584587784521103,0.8491851806640625,1200
time,style,int4_g128,up_blocks.2.attentions.0.transformer_blocks.0.attn2.to_k.weight,0.8231282552083333,0.2939994227878812,1.8458749349930659,0.8226155598958333,1200
time,style,int4_g128,up_blocks.2.attentions.0.transformer_blocks.0.attn2.to_v.weight,0.844287109375,0.2588905407031607,1.6161808045325132,0.8459370930989584,1200
time,style,int4_g128,up_blocks.2.attentions.1.transformer_blocks.0.attn2.to_k.weight,0.8378580729166667,0.27162561302263843,1.691745590437751,0.8377115885416667,1250
time,style,int4_g128,up_blocks.2.attentions.1.transformer_blocks.0.attn2.to_v.weight,0.8522847493489584,0.24648399020101927,1.5267729599212911,0.8540445963541666,1300
time,style,int4_g128,up_blocks.2.attentions.2.transformer_blocks.0.attn2.to_k.weight,0.829632568359375,0.28447213364292406,1.7779583013342088,0.8296529134114583,1200
time,style,int4_g128,up_blocks.2.attentions.2.transformer_blocks.0.attn2.to_v.weight,0.8433980305989583,0.2581934617001338,1.6250370094154232,0.8452555338541666,1200
time,style,int4_g128,up_blocks.3.attentions.0.transformer_blocks.0.attn2.to_k.weight,0.8402303059895834,0.25858137793478186,1.6548347508968402,0.83909912109375,1500
time,style,int4_g128,up_blocks.3.attentions.0.transformer_blocks.0.attn2.to_v.weight,0.8319498697916666,0.2818355998965728,1.7545120443947064,0.8314615885416666,1350
time,style,int4_g128,up_blocks.3.attentions.1.transformer_blocks.0.attn2.to_k.weight,0.8371785481770834,0.26792123779312066,1.693236551032833,0.8347208658854167,1450
time,style,int4_g128,up_blocks.3.attentions.1.transformer_blocks.0.attn2.to_v.weight,0.8384602864583334,0.268142016542839,1.6758468482533326,0.8392374674479167,1350
time,style,int4_g128,up_blocks.3.attentions.2.transformer_blocks.0.attn2.to_k.weight,0.8427083333333333,0.2526406800088168,1.6357879780997,0.83914794921875,1550
time,style,int4_g128,up_blocks.3.attentions.2.transformer_blocks.0.attn2.to_v.weight,0.8397705078125,0.2639371534747381,1.6650051723247181,0.8414306640625,1300
time,style,nf4_g64,down_blocks.0.attentions.0.transformer_blocks.0.attn2.to_k.weight,0.7516438802083333,0.4092810147847938,2.8032214071384,0.7586140950520833,1100
time,style,nf4_g64,down_blocks.0.attentions.0.transformer_blocks.0.attn2.to_v.weight,0.7694295247395834,0.37698312088067726,2.5923583526932212,0.77821044921875,1200
time,style,nf4_g64,down_blocks.0.attentions.1.transformer_blocks.0.attn2.to_k.weight,0.7623982747395833,0.38714385789291406,2.669412100700373,0.76749267578125,1200
time,style,nf4_g64,down_blocks.0.attentions.1.transformer_blocks.0.attn2.to_v.weight,0.7578287760416667,0.39570101051070483,2.7201383601566516,0.7654378255208333,1200
time,style,nf4_g64,down_blocks.1.attentions.0.transformer_blocks.0.attn2.to_k.weight,0.7454854329427083,0.42002448145051874,2.8844382239996826,0.7520100911458333,950
time,style,nf4_g64,down_blocks.1.attentions.0.transformer_blocks.0.attn2.to_v.weight,0.7579996744791667,0.39683531410602374,2.7289809710555306,0.7661905924479167,1050
time,style,nf4_g64,down_blocks.1.attentions.1.transformer_blocks.0.attn2.to_k.weight,0.7447998046875,0.42322003903777156,2.8732425805442903,0.750927734375,1050
time,style,nf4_g64,down_blocks.1.attentions.1.transformer_blocks.0.attn2.to_v.weight,0.7497660319010416,0.4143611120187497,2.836128003030818,0.7577128092447917,1050
time,style,nf4_g64,down_blocks.2.attentions.0.transformer_blocks.0.attn2.to_k.weight,0.7430165608723959,0.4248205016183089,2.925575257581332,0.7500895182291667,1000
time,style,nf4_g64,down_blocks.2.attentions.0.transformer_blocks.0.attn2.to_v.weight,0.7541697184244792,0.40315063045189714,2.788111355564444,0.7623494466145834,1050
time,style,nf4_g64,down_blocks.2.attentions.1.transformer_blocks.0.attn2.to_k.weight,0.7516255696614583,0.4081223631419686,2.8021139666527946,0.7593505859375,1050
time,style,nf4_g64,down_blocks.2.attentions.1.transformer_blocks.0.attn2.to_v.weight,0.7679972330729167,0.3774979933073516,2.5982024845643874,0.7767181396484375,1050
time,style,nf4_g64,mid_block.attentions.0.transformer_blocks.0.attn2.to_k.weight,0.7388254801432291,0.4333999452024659,2.9666728118479617,0.7461598714192709,1050
time,style,nf4_g64,mid_block.attentions.0.transformer_blocks.0.attn2.to_v.weight,0.7598520914713541,0.39419935810087453,2.6931921712818316,0.7681070963541666,1100
time,style,nf4_g64,up_blocks.1.attentions.0.transformer_blocks.0.attn2.to_k.weight,0.7526662190755208,0.4076465475638174,2.8023059472472056,0.7607065836588541,1050
time,style,nf4_g64,up_blocks.1.attentions.0.transformer_blocks.0.attn2.to_v.weight,0.7670125325520833,0.3793673744154382,2.611728128590426,0.7756703694661459,1050
time,style,nf4_g64,up_blocks.1.attentions.1.transformer_blocks.0.attn2.to_k.weight,0.7579233805338542,0.39646744091084596,2.7284395276929576,0.766278076171875,1050
time,style,nf4_g64,up_blocks.1.attentions.1.transformer_blocks.0.attn2.to_v.weight,0.7735026041666667,0.3690479621153466,2.5443813520548857,0.7822113037109375,1050
time,style,nf4_g64,up_blocks.1.attentions.2.transformer_blocks.0.attn2.to_k.weight,0.7487314860026042,0.412931153209673,2.845815722378111,0.7565022786458333,1000
time,style,nf4_g64,up_blocks.1.attentions.2.transformer_blocks.0.attn2.to_v.weight,0.7656483968098958,0.3827302363875806,2.6346881365745833,0.7743927001953125,1050
time,style,nf4_g64,up_blocks.2.attentions.0.transformer_blocks.0.attn2.to_k.weight,0.73443603515625,0.4407311744358656,3.0241207077574788,0.7404988606770834,1000
time,style,nf4_g64,up_blocks.2.attentions.0.transformer_blocks.0.attn2.to_v.weight,0.75860595703125,0.39530352942346586,2.719441233232605,0.7668375651041667,1050
time,style,nf4_g64,up_blocks.2.attentions.1.transformer_blocks.0.attn2.to_k.weight,0.755963134765625,0.40348006212949794,2.7512446012254803,0.7632100423177083,1050
time,style,nf4_g64,up_blocks.2.attentions.1.transformer_blocks.0.attn2.to_v.weight,0.7723897298177084,0.3732519988592821,2.5444995501327674,0.7807271321614583,1150
time,style,nf4_g64,up_blocks.2.attentions.2.transformer_blocks.0.attn2.to_k.weight,0.7439778645833334,0.42232875648398954,2.907137828730081,0.7509175618489583,1000
time,style,nf4_g64,up_blocks.2.attentions.2.transformer_blocks.0.attn2.to_v.weight,0.756610107421875,0.3973828239205636,2.7461643409260104,0.7659769694010417,1000
time,style,nf4_g64,up_blocks.3.attentions.0.transformer_blocks.0.attn2.to_k.weight,0.7459065755208333,0.41452320153986855,2.8711616256934303,0.7503173828125,1150
time,style,nf4_g64,up_blocks.3.attentions.0.transformer_blocks.0.attn2.to_v.weight,0.7450602213541667,0.4200009827189652,2.8967718698121843,0.75194091796875,1100
time,style,nf4_g64,up_blocks.3.attentions.1.transformer_blocks.0.attn2.to_k.weight,0.74468994140625,0.42161377448282206,2.9040948788203957,0.7497884114583333,1150
time,style,nf4_g64,up_blocks.3.attentions.1.transformer_blocks.0.attn2.to_v.weight,0.7513102213541667,0.4094191229693013,2.8160606652022158,0.7578776041666667,1150
time,style,nf4_g64,up_blocks.3.attentions.2.transformer_blocks.0.attn2.to_k.weight,0.751171875,0.404629477211738,2.82049256517738,0.7552652994791667,1200
time,style,nf4_g64,up_blocks.3.attentions.2.transformer_blocks.0.attn2.to_v.weight,0.7488321940104167,0.41194740740739355,2.8404412605991305,0.75675048828125,1050
