module,kind,n_channels,tail_sigma,outlier_ratio,absmax
time_embedding.linear_1,other,320,0.6398390149621535,1.0093642188270084,1.0
time_embedding.linear_2,other,1280,1.0359411725511767,505.58472553699283,6.46484375
down_blocks.0.attentions.0.transformer_blocks.0.attn1.to_q,attn1,320,0.16682540880586108,1.4652363925307905,3.6015625
down_blocks.0.attentions.0.transformer_blocks.0.attn1.to_k,attn1,320,0.16682540880586108,1.4652363925307905,3.6015625
down_blocks.0.attentions.0.transformer_blocks.0.attn1.to_v,attn1,320,0.16682540880586108,1.4652363925307905,3.6015625
down_blocks.0.attentions.0.transformer_blocks.0.attn1.to_out.0,attn1,320,0.46542458709065576,2.256517205422315,3.169921875
down_blocks.0.attentions.0.transformer_blocks.0.attn2.to_q,attn2,320,0.15820729524250846,2.6453333333333333,3.875
down_blocks.0.attentions.0.transformer_blocks.0.attn2.to_k,attn2,768,0.20493716874117596,10.806122448979592,33.09375
down_blocks.0.attentions.0.transformer_blocks.0.attn2.to_v,attn2,768,0.20493716874117596,10.806122448979592,33.09375
down_blocks.0.attentions.0.transformer_blocks.0.attn2.to_out.0,attn2,320,0.40664439675844655,3.1742940603700096,3.18359375
down_blocks.0.attentions.0.transformer_blocks.0.ff.net.0.proj,ff,320,0.1680336892565451,1.9798329011812157,3.35546875
down_blocks.0.attentions.0.transformer_blocks.0.ff.net.2,ff,1280,0.47772534264082445,8.221318144833198,19.734375
down_blocks.0.attentions.1.transformer_blocks.0.attn1.to_q,attn1,320,0.14947904282616753,1.8093883357041252,4.96875
down_blocks.0.attentions.1.transformer_blocks.0.attn1.to_k,attn1,320,0.14947904282616753,1.8093883357041252,4.96875
down_blocks.0.attentions.1.transformer_blocks.0.attn1.to_v,attn1,320,0.14947904282616753,1.8093883357041252,4.96875
down_blocks.0.attentions.1.transformer_blocks.0.attn1.to_out.0,attn1,320,0.29763410877146074,2.5253561253561254,4.328125
down_blocks.0.attentions.1.transformer_blocks.0.attn2.to_q,attn2,320,0.17661712450063835,3.4674130347860856,4.234375
down_blocks.0.attentions.1.transformer_blocks.0.attn2.to_k,attn2,768,0.20493716874117596,10.806122448979592,33.09375
down_blocks.0.attentions.1.transformer_blocks.0.attn2.to_v,attn2,768,0.20493716874117596,10.806122448979592,33.09375
down_blocks.0.attentions.1.transformer_blocks.0.attn2.to_out.0,attn2,320,0.5952408396356983,7.970615243342516,4.23828125
down_blocks.0.attentions.1.transformer_blocks.0.ff.net.0.proj,ff,320,0.13686127864655678,1.5544138253152733,3.25
down_blocks.0.attentions.1.transformer_blocks.0.ff.net.2,ff,1280,0.3327985111132838,4.913484021823851,18.46875
down_blocks.0.resnets.0.time_emb_proj,proj,1280,1.0732910567388863,2395.441660701503,3.19140625
down_blocks.0.resnets.1.time_emb_proj,proj,1280,1.0732910567388863,2395.441660701503,3.19140625
down_blocks.1.attentions.0.transformer_blocks.0.attn1.to_q,attn1,640,0.12311728088140393,1.9083395942900074,3.720703125
down_blocks.1.attentions.0.transformer_blocks.0.attn1.to_k,attn1,640,0.12311728088140393,1.9083395942900074,3.720703125
down_blocks.1.attentions.0.transformer_blocks.0.attn1.to_v,attn1,640,0.12311728088140393,1.9083395942900074,3.720703125
down_blocks.1.attentions.0.transformer_blocks.0.attn1.to_out.0,attn1,640,0.27924501965038656,3.339993110575267,4.734375
down_blocks.1.attentions.0.transformer_blocks.0.attn2.to_q,attn2,640,0.10568723929917645,2.646808510638298,4.859375
down_blocks.1.attentions.0.transformer_blocks.0.attn2.to_k,attn2,768,0.20493716874117596,10.806122448979592,33.09375
down_blocks.1.attentions.0.transformer_blocks.0.attn2.to_v,attn2,768,0.20493716874117596,10.806122448979592,33.09375
down_blocks.1.attentions.0.transformer_blocks.0.attn2.to_out.0,attn2,640,0.8892282015672773,4.9738651994497936,5.296875
down_blocks.1.attentions.0.transformer_blocks.0.ff.net.0.proj,ff,640,0.11109963660975113,2.063106796116505,2.490234375
down_blocks.1.attentions.0.transformer_blocks.0.ff.net.2,ff,2560,0.362447279943683,4.299496040316774,11.6640625
down_blocks.1.attentions.1.transformer_blocks.0.attn1.to_q,attn1,640,0.088493596661122,1.7340332458442695,3.87109375
down_blocks.1.attentions.1.transformer_blocks.0.attn1.to_k,attn1,640,0.088493596661122,1.7340332458442695,3.87109375
down_blocks.1.attentions.1.transformer_blocks.0.attn1.to_v,attn1,640,0.088493596661122,1.7340332458442695,3.87109375
down_blocks.1.attentions.1.transformer_blocks.0.attn1.to_out.0,attn1,640,0.26780445409775344,1.772063120981882,2.9609375
down_blocks.1.attentions.1.transformer_blocks.0.attn2.to_q,attn2,640,0.12700587725658355,4.6172539489671935,7.421875
down_blocks.1.attentions.1.transformer_blocks.0.attn2.to_k,attn2,768,0.20493716874117596,10.806122448979592,33.09375
down_blocks.1.attentions.1.transformer_blocks.0.attn2.to_v,attn2,768,0.20493716874117596,10.806122448979592,33.09375
down_blocks.1.attentions.1.transformer_blocks.0.attn2.to_out.0,attn2,640,0.5750152174445324,9.273445921667266,6.30078125
down_blocks.1.attentions.1.transformer_blocks.0.ff.net.0.proj,ff,640,0.08924769084749924,2.0492753623188404,2.76171875
down_blocks.1.attentions.1.transformer_blocks.0.ff.net.2,ff,2560,0.30615022386152224,20.27958993476235,63.75
down_blocks.1.resnets.0.time_emb_proj,proj,1280,1.0732910567388863,2395.441660701503,3.19140625
down_blocks.1.resnets.1.time_emb_proj,proj,1280,1.0732910567388863,2395.441660701503,3.19140625
down_blocks.2.attentions.0.transformer_blocks.0.attn1.to_q,attn1,1280,0.15505308229403153,1.5590351248413035,1.798828125
down_blocks.2.attentions.0.transformer_blocks.0.attn1.to_k,attn1,1280,0.15505308229403153,1.5590351248413035,1.798828125
down_blocks.2.attentions.0.transformer_blocks.0.attn1.to_v,attn1,1280,0.15505308229403153,1.5590351248413035,1.798828125
down_blocks.2.attentions.0.transformer_blocks.0.attn1.to_out.0,attn1,1280,0.30647068030227287,2.425974025974026,2.736328125
down_blocks.2.attentions.0.transformer_blocks.0.attn2.to_q,attn2,1280,0.09988322501818954,2.848439821693908,3.744140625
down_blocks.2.attentions.0.transformer_blocks.0.attn2.to_k,attn2,768,0.20493716874117596,10.806122448979592,33.09375
down_blocks.2.attentions.0.transformer_blocks.0.attn2.to_v,attn2,768,0.20493716874117596,10.806122448979592,33.09375
down_blocks.2.attentions.0.transformer_blocks.0.attn2.to_out.0,attn2,1280,0.36810954055422124,2.9755607633076666,4.33984375
down_blocks.2.attentions.0.transformer_blocks.0.ff.net.0.proj,ff,1280,0.08738594003191835,1.7584699453551913,1.5712890625
down_blocks.2.attentions.0.transformer_blocks.0.ff.net.2,ff,5120,0.3829808519794214,17.958684009181333,45.84375
down_blocks.2.attentions.1.transformer_blocks.0.attn1.to_q,attn1,1280,0.10910121858609198,2.263069139966273,2.62109375
down_blocks.2.attentions.1.transformer_blocks.0.attn1.to_k,attn1,1280,0.10910121858609198,2.263069139966273,2.62109375
down_blocks.2.attentions.1.transformer_blocks.0.attn1.to_v,attn1,1280,0.10910121858609198,2.263069139966273,2.62109375
down_blocks.2.attentions.1.transformer_blocks.0.attn1.to_out.0,attn1,1280,0.3144972448983503,3.4215962441314556,3.55859375
down_blocks.2.attentions.1.transformer_blocks.0.attn2.to_q,attn2,1280,0.0917889663927499,3.3409691629955947,5.5546875
down_blocks.2.attentions.1.transformer_blocks.0.attn2.to_k,attn2,768,0.20493716874117596,10.806122448979592,33.09375
down_blocks.2.attentions.1.transformer_blocks.0.attn2.to_v,attn2,768,0.20493716874117596,10.806122448979592,33.09375
down_blocks.2.attentions.1.transformer_blocks.0.attn2.to_out.0,attn2,1280,0.2737522887465059,2.670015698587127,4.15234375
down_blocks.2.attentions.1.transformer_blocks.0.ff.net.0.proj,ff,1280,0.0919066728918766,2.7197921177999134,3.06640625
down_blocks.2.attentions.1.transformer_blocks.0.ff.net.2,ff,5120,0.43733082459148753,7.8748435544430535,24.578125
down_blocks.2.resnets.0.time_emb_proj,proj,1280,1.0732910567388863,2395.441660701503,3.19140625
down_blocks.2.resnets.1.time_emb_proj,proj,1280,1.0732910567388863,2395.441660701503,3.19140625
down_blocks.3.resnets.0.time_emb_proj,proj,1280,1.0732910567388863,2395.441660701503,3.19140625
down_blocks.3.resnets.1.time_emb_proj,proj,1280,1.0732910567388863,2395.441660701503,3.19140625
up_blocks.0.resnets.0.time_emb_proj,proj,1280,1.0732910567388863,2395.441660701503,3.19140625
up_blocks.0.resnets.1.time_emb_proj,proj,1280,1.0732910567388863,2395.441660701503,3.19140625
up_blocks.0.resnets.2.time_emb_proj,proj,1280,1.0732910567388863,2395.441660701503,3.19140625
up_blocks.1.attentions.0.transformer_blocks.0.attn1.to_q,attn1,1280,0.10357879294112136,2.6170678336980306,3.50390625
up_blocks.1.attentions.0.transformer_blocks.0.attn1.to_k,attn1,1280,0.10357879294112136,2.6170678336980306,3.50390625
up_blocks.1.attentions.0.transformer_blocks.0.attn1.to_v,attn1,1280,0.10357879294112136,2.6170678336980306,3.50390625
up_blocks.1.attentions.0.transformer_blocks.0.attn1.to_out.0,attn1,1280,0.24365444384470078,3.055872291904219,5.234375
up_blocks.1.attentions.0.transformer_blocks.0.attn2.to_q,attn2,1280,0.09520311051370274,2.8125,5.44921875
up_blocks.1.attentions.0.transformer_blocks.0.attn2.to_k,attn2,768,0.20493716874117596,10.806122448979592,33.09375
up_blocks.1.attentions.0.transformer_blocks.0.attn2.to_v,attn2,768,0.20493716874117596,10.806122448979592,33.09375
up_blocks.1.attentions.0.transformer_blocks.0.attn2.to_out.0,attn2,1280,0.4855669101976165,2.263234579893152,4.55078125
up_blocks.1.attentions.0.transformer_blocks.0.ff.net.0.proj,ff,1280,0.10771803235802509,3.5143288084464555,4.55078125
up_blocks.1.attentions.0.transformer_blocks.0.ff.net.2,ff,5120,0.4848114248457871,14.558383838383838,70.375
up_blocks.1.attentions.1.transformer_blocks.0.attn1.to_q,attn1,1280,0.08930567198600543,2.4107883817427385,3.404296875
up_blocks.1.attentions.1.transformer_blocks.0.attn1.to_k,attn1,1280,0.08930567198600543,2.4107883817427385,3.404296875
up_blocks.1.attentions.1.transformer_blocks.0.attn1.to_v,attn1,1280,0.08930567198600543,2.4107883817427385,3.404296875
up_blocks.1.attentions.1.transformer_blocks.0.attn1.to_out.0,attn1,1280,0.15820292111038137,1.9884160161168472,3.85546875
up_blocks.1.attentions.1.transformer_blocks.0.attn2.to_q,attn2,1280,0.09273525298045354,2.586073500967118,5.22265625
up_blocks.1.attentions.1.transformer_blocks.0.attn2.to_k,attn2,768,0.20493716874117596,10.806122448979592,33.09375
up_blocks.1.attentions.1.transformer_blocks.0.attn2.to_v,attn2,768,0.20493716874117596,10.806122448979592,33.09375
up_blocks.1.attentions.1.transformer_blocks.0.attn2.to_out.0,attn2,1280,0.2888675289268925,2.523135033050047,5.21875
up_blocks.1.attentions.1.transformer_blocks.0.ff.net.0.proj,ff,1280,0.10776167327469639,3.9939894815927874,5.19140625
up_blocks.1.attentions.1.transformer_blocks.0.ff.net.2,ff,5120,0.44936430739001043,18.802919708029197,90.5625
up_blocks.1.attentions.2.transformer_blocks.0.attn1.to_q,attn1,1280,0.09056828782160309,2.517857142857143,3.029296875
up_blocks.1.attentions.2.transformer_blocks.0.attn1.to_k,attn1,1280,0.09056828782160309,2.517857142857143,3.029296875
up_blocks.1.attentions.2.transformer_blocks.0.attn1.to_v,attn1,1280,0.09056828782160309,2.517857142857143,3.029296875
up_blocks.1.attentions.2.transformer_blocks.0.attn1.to_out.0,attn1,1280,0.262194533541072,2.5865384615384617,3.677734375
up_blocks.1.attentions.2.transformer_blocks.0.attn2.to_q,attn2,1280,0.0974059965022932,2.6773283160865473,5.55859375
up_blocks.1.attentions.2.transformer_blocks.0.attn2.to_k,attn2,768,0.20493716874117596,10.806122448979592,33.09375
up_blocks.1.attentions.2.transformer_blocks.0.attn2.to_v,attn2,768,0.20493716874117596,10.806122448979592,33.09375
up_blocks.1.attentions.2.transformer_blocks.0.attn2.to_out.0,attn2,1280,0.5267798676077468,4.285126799177519,6.10546875
up_blocks.1.attentions.2.transformer_blocks.0.ff.net.0.proj,ff,1280,0.1113204639246939,3.664613927048792,3.77734375
up_blocks.1.attentions.2.transformer_blocks.0.ff.net.2,ff,5120,0.4720818277080456,26.36950146627566,70.25
up_blocks.1.resnets.0.time_emb_proj,proj,1280,1.0732910567388863,2395.441660701503,3.19140625
up_blocks.1.resnets.1.time_emb_proj,proj,1280,1.0732910567388863,2395.441660701503,3.19140625
up_blocks.1.resnets.2.time_emb_proj,proj,1280,1.0732910567388863,2395.441660701503,3.19140625
up_blocks.2.attentions.0.transformer_blocks.0.attn1.to_q,attn1,640,0.10183518752685296,1.769316909294513,4.62890625
up_blocks.2.attentions.0.transformer_blocks.0.attn1.to_k,attn1,640,0.10183518752685296,1.769316909294513,4.62890625
up_blocks.2.attentions.0.transformer_blocks.0.attn1.to_v,attn1,640,0.10183518752685296,1.769316909294513,4.62890625
up_blocks.2.attentions.0.transformer_blocks.0.attn1.to_out.0,attn1,640,0.15183010158508564,1.6879256965944271,5.32421875
up_blocks.2.attentions.0.transformer_blocks.0.attn2.to_q,attn2,640,0.1272639223739036,2.9042754445705636,7.49609375
up_blocks.2.attentions.0.transformer_blocks.0.attn2.to_k,attn2,768,0.20493716874117596,10.806122448979592,33.09375
up_blocks.2.attentions.0.transformer_blocks.0.attn2.to_v,attn2,768,0.20493716874117596,10.806122448979592,33.09375
up_blocks.2.attentions.0.transformer_blocks.0.attn2.to_out.0,attn2,640,0.8093994484299637,5.018543645409317,5.41796875
up_blocks.2.attentions.0.transformer_blocks.0.ff.net.0.proj,ff,640,0.12248168535957198,3.1601642710472277,6.01171875
up_blocks.2.attentions.0.transformer_blocks.0.ff.net.2,ff,2560,0.38565393655906843,9.493758300132802,69.8125
up_blocks.2.attentions.1.transformer_blocks.0.attn1.to_q,attn1,640,0.11653322682966458,2.2111692844677138,4.94921875
up_blocks.2.attentions.1.transformer_blocks.0.attn1.to_k,attn1,640,0.11653322682966458,2.2111692844677138,4.94921875
up_blocks.2.attentions.1.transformer_blocks.0.attn1.to_v,attn1,640,0.11653322682966458,2.2111692844677138,4.94921875
up_blocks.2.attentions.1.transformer_blocks.0.attn1.to_out.0,attn1,640,0.2001143132665375,2.9281678773204196,7.0859375
up_blocks.2.attentions.1.transformer_blocks.0.attn2.to_q,attn2,640,0.11693649013148705,3.7836812144212524,7.7890625
up_blocks.2.attentions.1.transformer_blocks.0.attn2.to_k,attn2,768,0.20493716874117596,10.806122448979592,33.09375
up_blocks.2.attentions.1.transformer_blocks.0.attn2.to_v,attn2,768,0.20493716874117596,10.806122448979592,33.09375
up_blocks.2.attentions.1.transformer_blocks.0.attn2.to_out.0,attn2,640,0.3406312510275303,3.4488067744418784,6.5625
up_blocks.2.attentions.1.transformer_blocks.0.ff.net.0.proj,ff,640,0.12365524823453158,2.8363421130511988,4.6796875
up_blocks.2.attentions.1.transformer_blocks.0.ff.net.2,ff,2560,0.3916897832794157,9.226710634789777,43.71875
up_blocks.2.attentions.2.transformer_blocks.0.attn1.to_q,attn1,640,0.10141606616105849,1.841860465116279,3.673828125
up_blocks.2.attentions.2.transformer_blocks.0.attn1.to_k,attn1,640,0.10141606616105849,1.841860465116279,3.673828125
up_blocks.2.attentions.2.transformer_blocks.0.attn1.to_v,attn1,640,0.10141606616105849,1.841860465116279,3.673828125
up_blocks.2.attentions.2.transformer_blocks.0.attn1.to_out.0,attn1,640,0.2850529864415682,2.9310446877774488,4.8359375
up_blocks.2.attentions.2.transformer_blocks.0.attn2.to_q,attn2,640,0.11120887162342398,3.3487957181088315,7.33203125
up_blocks.2.attentions.2.transformer_blocks.0.attn2.to_k,attn2,768,0.20493716874117596,10.806122448979592,33.09375
up_blocks.2.attentions.2.transformer_blocks.0.attn2.to_v,attn2,768,0.20493716874117596,10.806122448979592,33.09375
up_blocks.2.attentions.2.transformer_blocks.0.attn2.to_out.0,attn2,640,0.42844437829650395,3.53468815697267,4.92578125
up_blocks.2.attentions.2.transformer_blocks.0.ff.net.0.proj,ff,640,0.12965158891651482,2.7679453095328523,3.55859375
up_blocks.2.attentions.2.transformer_blocks.0.ff.net.2,ff,2560,0.447644249649547,5.34747145187602,12.8046875
up_blocks.2.resnets.0.time_emb_proj,proj,1280,1.0732910567388863,2395.441660701503,3.19140625
up_blocks.2.resnets.1.time_emb_proj,proj,1280,1.0732910567388863,2395.441660701503,3.19140625
up_blocks.2.resnets.2.time_emb_proj,proj,1280,1.0732910567388863,2395.441660701503,3.19140625
up_blocks.3.attentions.0.transformer_blocks.0.attn1.to_q,attn1,320,0.17793077426163662,2.170333569907736,5.97265625
up_blocks.3.attentions.0.transformer_blocks.0.attn1.to_k,attn1,320,0.17793077426163662,2.170333569907736,5.97265625
up_blocks.3.attentions.0.transformer_blocks.0.attn1.to_v,attn1,320,0.17793077426163662,2.170333569907736,5.97265625
up_blocks.3.attentions.0.transformer_blocks.0.attn1.to_out.0,attn1,320,0.2015062132707912,2.2031975244971633,4.171875
up_blocks.3.attentions.0.transformer_blocks.0.attn2.to_q,attn2,320,0.18434105275983595,4.405797101449275,5.046875
up_blocks.3.attentions.0.transformer_blocks.0.attn2.to_k,attn2,768,0.20493716874117596,10.806122448979592,33.09375
up_blocks.3.attentions.0.transformer_blocks.0.attn2.to_v,attn2,768,0.20493716874117596,10.806122448979592,33.09375
up_blocks.3.attentions.0.transformer_blocks.0.attn2.to_out.0,attn2,320,0.6020397279150634,5.581964081008788,3.56640625
up_blocks.3.attentions.0.transformer_blocks.0.ff.net.0.proj,ff,320,0.1404394017180249,1.6926438455935906,4.5390625
up_blocks.3.attentions.0.transformer_blocks.0.ff.net.2,ff,1280,0.28124111847809274,3.6741641337386017,23.609375
up_blocks.3.attentions.1.transformer_blocks.0.attn1.to_q,attn1,320,0.20097178266948007,2.52027027027027,5.828125
up_blocks.3.attentions.1.transformer_blocks.0.attn1.to_k,attn1,320,0.20097178266948007,2.52027027027027,5.828125
up_blocks.3.attentions.1.transformer_blocks.0.attn1.to_v,attn1,320,0.20097178266948007,2.52027027027027,5.828125
up_blocks.3.attentions.1.transformer_blocks.0.attn1.to_out.0,attn1,320,0.39574879778536287,3.2477749066896355,5.5234375
up_blocks.3.attentions.1.transformer_blocks.0.attn2.to_q,attn2,320,0.19114776611355827,5.017361111111111,5.64453125
up_blocks.3.attentions.1.transformer_blocks.0.attn2.to_k,attn2,768,0.20493716874117596,10.806122448979592,33.09375
up_blocks.3.attentions.1.transformer_blocks.0.attn2.to_v,attn2,768,0.20493716874117596,10.806122448979592,33.09375
up_blocks.3.attentions.1.transformer_blocks.0.attn2.to_out.0,attn2,320,0.559720005680284,6.373826113299001,5.13671875
up_blocks.3.attentions.1.transformer_blocks.0.ff.net.0.proj,ff,320,0.14087573203984463,1.7362817362817362,4.140625
up_blocks.3.attentions.1.transformer_blocks.0.ff.net.2,ff,1280,0.373878512738027,8.764552562988705,39.40625
up_blocks.3.attentions.2.transformer_blocks.0.attn1.to_q,attn1,320,0.1623592593876161,2.4067940552016984,5.53515625
up_blocks.3.attentions.2.transformer_blocks.0.attn1.to_k,attn1,320,0.1623592593876161,2.4067940552016984,5.53515625
up_blocks.3.attentions.2.transformer_blocks.0.attn1.to_v,attn1,320,0.1623592593876161,2.4067940552016984,5.53515625
up_blocks.3.attentions.2.transformer_blocks.0.attn1.to_out.0,attn1,320,0.4157348323458531,4.221389929255098,4.953125
up_blocks.3.attentions.2.transformer_blocks.0.attn2.to_q,attn2,320,0.21941218997940667,5.380203515263645,5.6796875
up_blocks.3.attentions.2.transformer_blocks.0.attn2.to_k,attn2,768,0.20493716874117596,10.806122448979592,33.09375
up_blocks.3.attentions.2.transformer_blocks.0.attn2.to_v,attn2,768,0.20493716874117596,10.806122448979592,33.09375
up_blocks.3.attentions.2.transformer_blocks.0.attn2.to_out.0,attn2,320,0.5559158635051121,6.306102034011337,4.6171875
up_blocks.3.attentions.2.transformer_blocks.0.ff.net.0.proj,ff,320,0.14210139209508735,1.760822974710673,4.01171875
up_blocks.3.attentions.2.transformer_blocks.0.ff.net.2,ff,1280,0.3717521521937466,5.102325581395349,17.140625
up_blocks.3.resnets.0.time_emb_proj,proj,1280,1.0732910567388863,2395.441660701503,3.19140625
up_blocks.3.resnets.1.time_emb_proj,proj,1280,1.0732910567388863,2395.441660701503,3.19140625
up_blocks.3.resnets.2.time_emb_proj,proj,1280,1.0732910567388863,2395.441660701503,3.19140625
mid_block.attentions.0.transformer_blocks.0.attn1.to_q,attn1,1280,0.16845558580625886,2.4498396701786533,2.611328125
mid_block.attentions.0.transformer_blocks.0.attn1.to_k,attn1,1280,0.16845558580625886,2.4498396701786533,2.611328125
mid_block.attentions.0.transformer_blocks.0.attn1.to_v,attn1,1280,0.16845558580625886,2.4498396701786533,2.611328125
mid_block.attentions.0.transformer_blocks.0.attn1.to_out.0,attn1,1280,0.21890613923743213,2.140845070422535,2.74609375
mid_block.attentions.0.transformer_blocks.0.attn2.to_q,attn2,1280,0.10823352244568071,2.188909201706277,3.5078125
mid_block.attentions.0.transformer_blocks.0.attn2.to_k,attn2,768,0.20493716874117596,10.806122448979592,33.09375
mid_block.attentions.0.transformer_blocks.0.attn2.to_v,attn2,768,0.20493716874117596,10.806122448979592,33.09375
mid_block.attentions.0.transformer_blocks.0.attn2.to_out.0,attn2,1280,0.23221330041513238,2.246115077698446,5.22265625
mid_block.attentions.0.transformer_blocks.0.ff.net.0.proj,ff,1280,0.08890688963177205,1.4726749760306808,3.0
mid_block.attentions.0.transformer_blocks.0.ff.net.2,ff,5120,0.6127179410863163,7.5041962556488055,45.40625
mid_block.resnets.0.time_emb_proj,proj,1280,1.0732910567388863,2395.441660701503,3.19140625
mid_block.resnets.1.time_emb_proj,proj,1280,1.0732910567388863,2395.441660701503,3.19140625
