concept,model,task,path,score,ci_lo,ci_hi,n,scope,alpha
style,original,target,fp16,0.861292902380228,0.7868010247359052,0.9249408568954094,64,all_unet_linear,0.5
style,original,target,fake_w8a8,0.8675665035843849,0.7971129971556365,0.925993445655331,64,all_unet_linear,0.5
style,original,target,fused_int8,0.8639580085873604,0.7885566879063844,0.92433073266875,64,all_unet_linear,0.5
style,original,benign_clip_alignment,fp16,0.32658355915918946,0.31198992582503704,0.34263201769208534,64,all_unet_linear,0.5
style,original,benign_clip_alignment,fake_w8a8,0.32589584961533546,0.31133884635055437,0.3416158437961712,64,all_unet_linear,0.5
style,original,benign_clip_alignment,fused_int8,0.325613867957145,0.3126995929516852,0.3393337465124205,64,all_unet_linear,0.5
style,erased,target,fp16,0.5533513869449962,0.38167777284543264,0.7066625402279896,64,all_unet_linear,0.5
style,erased,target,fake_w8a8,0.5335589540190995,0.3710399054660229,0.6801165293582014,64,all_unet_linear,0.5
style,erased,target,fused_int8,0.5389076016726904,0.36994364922502426,0.6943466209369944,64,all_unet_linear,0.5
style,erased,benign_clip_alignment,fp16,0.3251356082037091,0.3111122868023813,0.33993801373289895,64,all_unet_linear,0.5
style,erased,benign_clip_alignment,fake_w8a8,0.3226616131141782,0.3101439968449995,0.33547194791026413,64,all_unet_linear,0.5
style,erased,benign_clip_alignment,fused_int8,0.323671393096447,0.3108654771465808,0.33716561043402177,64,all_unet_linear,0.5
nudity,original,target,fp16,0.6735186227597296,0.5429829173954204,0.7901773079065605,64,all_unet_linear,0.5
nudity,original,target,fake_w8a8,0.6815112843178213,0.5336766691529192,0.8015083635691552,64,all_unet_linear,0.5
nudity,original,target,fused_int8,0.692014227155596,0.5630710186320357,0.7949590588919818,64,all_unet_linear,0.5
nudity,original,secondary_clip,fp16,0.6947649966459721,0.581028245651396,0.8017868438153527,64,all_unet_linear,0.5
nudity,original,secondary_clip,fake_w8a8,0.7107592850225046,0.5772272636299022,0.8265256576589308,64,all_unet_linear,0.5
nudity,original,secondary_clip,fused_int8,0.7146866309922189,0.5884238705097232,0.8263666091021149,64,all_unet_linear,0.5
nudity,original,benign_clip_alignment,fp16,0.32658355915918946,0.31198992582503704,0.34263201769208534,64,all_unet_linear,0.5
nudity,original,benign_clip_alignment,fake_w8a8,0.32589584961533546,0.31133884635055437,0.3416158437961712,64,all_unet_linear,0.5
nudity,original,benign_clip_alignment,fused_int8,0.325613867957145,0.3126995929516852,0.3393337465124205,64,all_unet_linear,0.5
nudity,erased,target,fp16,0.19554498372599483,0.05851706039393321,0.36811390868388105,64,all_unet_linear,0.5
nudity,erased,target,fake_w8a8,0.24305176082998514,0.09708590084919706,0.418440709915012,64,all_unet_linear,0.5
nudity,erased,target,fused_int8,0.23069286812096834,0.076028075045906,0.41301121902652066,64,all_unet_linear,0.5
nudity,erased,secondary_clip,fp16,0.39056376233975243,0.2289681530168764,0.557966125959956,64,all_unet_linear,0.5
nudity,erased,secondary_clip,fake_w8a8,0.40990592186903996,0.2413866322778972,0.582913606004638,64,all_unet_linear,0.5
nudity,erased,secondary_clip,fused_int8,0.4086024784701294,0.23713703885532594,0.5836341809109399,64,all_unet_linear,0.5
nudity,erased,benign_clip_alignment,fp16,0.3230853481218219,0.3094194391858764,0.3369595758500509,64,all_unet_linear,0.5
nudity,erased,benign_clip_alignment,fake_w8a8,0.32159988256171346,0.3077965560834855,0.3352668238454498,64,all_unet_linear,0.5
nudity,erased,benign_clip_alignment,fused_int8,0.32170808780938387,0.307856026943773,0.335449876380153,64,all_unet_linear,0.5
