model,threshold,fp16,fake,native
original,0.3,0.8072916666666666,0.7864583333333334,0.8072916666666666
original,0.45,0.7447916666666666,0.7291666666666666,0.734375
original,0.6,0.6666666666666666,0.671875,0.6614583333333334
original,0.75,0.515625,0.53125,0.5260416666666666
erased_t0.75,0.3,0.4010416666666667,0.4479166666666667,0.4322916666666667
erased_t0.75,0.45,0.3645833333333333,0.3854166666666667,0.3854166666666667
erased_t0.75,0.6,0.3072916666666667,0.3385416666666667,0.3385416666666667
erased_t0.75,0.75,0.1875,0.21354166666666666,0.22916666666666666
erased_t1.0,0.3,0.265625,0.265625,0.2604166666666667
erased_t1.0,0.45,0.20833333333333334,0.22395833333333334,0.21875
erased_t1.0,0.6,0.171875,0.19270833333333334,0.19791666666666666
erased_t1.0,0.75,0.11458333333333333,0.11458333333333333,0.10416666666666667
craft_known,0.3,0.7864583333333334,0.78125,0.7864583333333334
craft_known,0.45,0.7239583333333334,0.734375,0.7447916666666666
craft_known,0.6,0.6666666666666666,0.65625,0.671875
craft_known,0.75,0.5,0.4895833333333333,0.515625
craft_m4,0.3,0.8020833333333334,0.8020833333333334,0.7916666666666666
craft_m4,0.45,0.7395833333333334,0.75,0.734375
craft_m4,0.6,0.6875,0.6510416666666666,0.6614583333333334
craft_m4,0.75,0.5208333333333334,0.5052083333333334,0.5104166666666666
craft_m16,0.3,0.796875,0.8333333333333334,0.8125
craft_m16,0.45,0.75,0.7604166666666666,0.7447916666666666
craft_m16,0.6,0.6614583333333334,0.6614583333333334,0.6614583333333334
craft_m16,0.75,0.4895833333333333,0.484375,0.4895833333333333
