group,model,a,b,mean,lo,hi,family_lo,family_hi,family_n
style_passive,original,fp16,fake_w8a8,0.0005022673091540734,-0.01007122298081716,0.011352735687978548,-0.009980639935626342,0.011215765999319656,1
style_passive,original,fp16,fused_int8,0.0007106298580765724,-0.00869268613557021,0.009968604388025895,-0.008447492914274336,0.010147842438891528,1
style_passive,original,fake_w8a8,fused_int8,0.00020836254892249903,-0.004913276140966138,0.005492339663517966,-0.005068971193395555,0.0054984016518574205,1
style_passive,erased_s0.5,fp16,fake_w8a8,0.0005917015466062973,-0.015248622673000983,0.016241330555931185,-0.026376865975355573,0.027250167401736632,18
style_passive,erased_s0.5,fp16,fused_int8,-0.0021752939016247788,-0.017913873164313074,0.012285202125591834,-0.030327102446904904,0.02234072105797915,18
style_passive,erased_s0.5,fake_w8a8,fused_int8,-0.0027669954482310763,-0.007561340021978442,0.001325309227589362,-0.010849614372219313,0.0035617967201553207,18
style_passive,erased_s1.0,fp16,fake_w8a8,-0.005394566493729751,-0.01992089077369504,0.00711712475967942,-0.03478980313272957,0.01464390000781163,18
style_passive,erased_s1.0,fp16,fused_int8,-0.0038069512132400027,-0.019032484794297484,0.009522926859305383,-0.03381757045927872,0.018681248151188,18
style_passive,erased_s1.0,fake_w8a8,fused_int8,0.0015876152804897477,-0.0028336284017617197,0.007752341570934119,-0.005051017252251902,0.014054323556208915,18
style_passive,erased_s1.5,fp16,fake_w8a8,-0.0034833862155210227,-0.016325017953931816,0.011387095542643966,-0.0245837407711709,0.02533619489447503,18
style_passive,erased_s1.5,fp16,fused_int8,-0.004907787549503458,-0.0187524468228124,0.010095395867392628,-0.028727138842522332,0.023692424499717722,18
style_passive,erased_s1.5,fake_w8a8,fused_int8,-0.0014244013339824353,-0.006505521045619388,0.0028682085299806164,-0.01023692190977912,0.005401345259222736,18
style_passive,erased_s2.0,fp16,fake_w8a8,-0.001096990085594977,-0.015656096133170642,0.016069758586915357,-0.02684113978038011,0.030711889948375343,18
style_passive,erased_s2.0,fp16,fused_int8,0.0009026691065325091,-0.011733049115961573,0.017508288815103367,-0.018717257539645756,0.031608047097230765,18
style_passive,erased_s2.0,fake_w8a8,fused_int8,0.001999659192127486,-0.002925481442798627,0.008085612703871436,-0.006054794293959276,0.012747472507611969,18
style_attack,original,fp16,fake_w8a8,0.0004457499211033185,-0.008823189573983353,0.010039021524911118,-0.008642225320606184,0.010264613130129873,1
style_attack,original,fp16,fused_int8,0.0017637026806672413,-0.007755509430232144,0.011988903426875669,-0.007489165058359503,0.01216980904961626,1
style_attack,original,fake_w8a8,fused_int8,0.0013179527595639229,-0.0026271211061005798,0.005462768410022058,-0.002653374755755067,0.005494965729303662,1
style_attack,erased_fp16,fp16,fake_w8a8,0.002945545051867763,-0.008776560889236864,0.014077244862952884,-0.008739764453154445,0.013854792221536634,1
style_attack,erased_fp16,fp16,fused_int8,7.828532640511791e-05,-0.012433708249106225,0.011627991784674396,-0.012109413509460864,0.011266007576341516,1
style_attack,erased_fp16,fake_w8a8,fused_int8,-0.0028672597254626453,-0.009902157720352987,0.0031248345922601072,-0.009843970449825672,0.003133121648958574,1
style_attack,craft_known,fp16,fake_w8a8,0.01636868327235182,-0.006303220758369814,0.04187056738495205,-0.020338178229738133,0.05809587967976579,12
style_attack,craft_known,fp16,fused_int8,0.018890508450567722,-0.0035593270595806357,0.04624920613908518,-0.01682059059805599,0.06273588994744292,12
style_attack,craft_known,fake_w8a8,fused_int8,0.002521825178215901,-0.0026859762690340473,0.008104897783293076,-0.005671090513674748,0.011407845543969114,12
style_attack,craft_m4,fp16,fake_w8a8,0.005989102413877845,-0.009622891887556757,0.02605989425210276,-0.01752603413543612,0.040385268343703096,12
style_attack,craft_m4,fp16,fused_int8,0.004827157128602266,-0.011583258145644017,0.023453013090571993,-0.021782505716934488,0.03639793437711585,12
style_attack,craft_m4,fake_w8a8,fused_int8,-0.0011619452852755785,-0.0058035064411039155,0.002991917418936888,-0.00918084891163744,0.00531996629627732,12
style_attack,craft_m16,fp16,fake_w8a8,0.001955037626127402,-0.010532062772351011,0.01776044787839051,-0.01659570737974718,0.029872728340301972,12
style_attack,craft_m16,fp16,fused_int8,0.0036759204231202602,-0.008925646186495821,0.018913459552762406,-0.01609507419084871,0.031184470121257253,12
style_attack,craft_m16,fake_w8a8,fused_int8,0.0017208827969928582,-0.002733417674122999,0.006564504967536771,-0.005626083061926895,0.009527807191221264,12
nudity,original,fp16,fake_w8a8,-0.00931768553952376,-0.04202357777006303,0.01933682295105726,-0.04350993809057396,0.02014963733963669,1
nudity,original,fp16,fused_int8,-0.004712155864884456,-0.03638385616165274,0.025699643581174304,-0.03805603007397926,0.025767344127719603,1
nudity,original,fake_w8a8,fused_int8,0.004605529674639304,-0.0035500830660263696,0.01567779820955668,-0.003564769631096472,0.016008440149016676,1
nudity,erased_t0.15,fp16,fake_w8a8,0.0019426879783471425,-0.04191327842806156,0.05006354243572181,-0.07213996981111079,0.08920282560499884,18
nudity,erased_t0.15,fp16,fused_int8,0.0031046513468027115,-0.033946698659565296,0.046437456811933446,-0.06183539929420309,0.08054331731379015,18
nudity,erased_t0.15,fake_w8a8,fused_int8,0.001161963368455569,-0.016277580456032108,0.020254495398451842,-0.026642266444698047,0.03589845952314893,18
nudity,erased_t0.3,fp16,fake_w8a8,-0.003446583946545919,-0.030606095849846804,0.027461539907380872,-0.051219546938039096,0.05296573055955518,18
nudity,erased_t0.3,fp16,fused_int8,0.007209951213250558,-0.026909924659412353,0.04563668600361171,-0.048219627219347146,0.07773146225609476,18
nudity,erased_t0.3,fake_w8a8,fused_int8,0.010656535159796476,-0.012528912129346282,0.038421910892551134,-0.03323689974064042,0.05868898085706572,18
nudity,erased_t0.5,fp16,fake_w8a8,-0.006136799696832895,-0.05366505264925459,0.04130920371972023,-0.08652483216159185,0.0719651294529391,18
nudity,erased_t0.5,fp16,fused_int8,-0.0051480913534760475,-0.04830611114157364,0.04237298800532394,-0.07745699912063882,0.07730899298201506,18
nudity,erased_t0.5,fake_w8a8,fused_int8,0.0009887083433568478,-0.031185527107057468,0.032500254665501355,-0.05383480449263179,0.05573298514527498,18
nudity,erased_t0.75,fp16,fake_w8a8,0.031437726536144815,-0.007404788276956723,0.08093478557032839,-0.02645810563246616,0.12316123618942666,18
nudity,erased_t0.75,fp16,fused_int8,0.025427894045909245,-0.013072734558954831,0.07403947026468813,-0.03497302931823975,0.11675749650436695,18
nudity,erased_t0.75,fake_w8a8,fused_int8,-0.006009832490235567,-0.022354796381356814,0.004934310428022078,-0.03924468735758974,0.013126588643623422,18
nudity,erased_t1.0,fp16,fake_w8a8,0.0023524820183714232,-0.027817996249844632,0.03171530595282086,-0.051067446841625494,0.051631537874238714,18
nudity,erased_t1.0,fp16,fused_int8,0.004076231271028519,-0.02715847069630399,0.0354013638066438,-0.050966954821531005,0.05758464434701579,18
nudity,erased_t1.0,fake_w8a8,fused_int8,0.0017237492526570957,-0.00825028132724886,0.012483129654234879,-0.01887643566868199,0.022677781597357807,18
nudity,craft_known,fp16,fake_w8a8,0.005265656082580487,-0.02207954697078093,0.03923095112744093,-0.038697556730282176,0.06193846075394604,12
nudity,craft_known,fp16,fused_int8,0.00959385558962822,-0.016455828976662205,0.04293915812935056,-0.02877104524037956,0.0673808557754255,12
nudity,craft_known,fake_w8a8,fused_int8,0.004328199507047732,-0.009333271482804169,0.021439617984772966,-0.018721260139783327,0.03754283930498384,12
nudity,craft_m4,fp16,fake_w8a8,-0.0066538288568456965,-0.038165911384082096,0.02434710653809209,-0.05739615442451193,0.04382552538138258,12
nudity,craft_m4,fp16,fused_int8,-0.006809395117064317,-0.03821158744394778,0.025599454777936136,-0.05982562484407227,0.04766727260300994,12
nudity,craft_m4,fake_w8a8,fused_int8,-0.0001555662602186203,-0.024126342292098948,0.02637294211890546,-0.04192258087504242,0.04657145401773356,12
nudity,craft_m16,fp16,fake_w8a8,0.012673699297010899,-0.013970634403328097,0.039051861680733664,-0.03350086951686534,0.058901705801448316,12
nudity,craft_m16,fp16,fused_int8,0.0032263901084661484,-0.03433736576698721,0.035298231496320255,-0.06555204394777928,0.054266181013858106,12
nudity,craft_m16,fake_w8a8,fused_int8,-0.00944730918854475,-0.03830541414596761,0.013548635423649067,-0.06279580272643621,0.03073331057385094,12
style_matched,original,fp16,fake_w8a8,0.0004457499211033185,-0.008823189573983353,0.010039021524911118,-0.008642225320606184,0.010264613130129873,1
style_matched,original,fp16,fused_int8,0.0017637026806672413,-0.007755509430232144,0.011988903426875669,-0.007489165058359503,0.01216980904961626,1
style_matched,original,fake_w8a8,fused_int8,0.0013179527595639229,-0.0026271211061005798,0.005462768410022058,-0.002653374755755067,0.005494965729303662,1
style_matched,erased,fp16,fake_w8a8,0.002945545051867763,-0.008776560889236864,0.014077244862952884,-0.008739764453154445,0.013854792221536634,1
style_matched,erased,fp16,fused_int8,7.828532640511791e-05,-0.012433708249106225,0.011627991784674396,-0.012109413509460864,0.011266007576341516,1
style_matched,erased,fake_w8a8,fused_int8,-0.0028672597254626453,-0.009902157720352987,0.0031248345922601072,-0.009843970449825672,0.003133121648958574,1
style_matched,matched_m1,fp16,fake_w8a8,0.025593203958123922,-0.001695438326957325,0.0572644840266245,-0.0018735443785165735,0.057605632142319035,1
style_matched,matched_m1,fp16,fused_int8,0.02765290206298232,-0.00030791529764731556,0.058950509619899095,-6.961584634458335e-05,0.05924891004494082,1
style_matched,matched_m1,fake_w8a8,fused_int8,0.0020596981048583984,-0.0028309483391543238,0.009584617952350521,-0.0028289753555630634,0.0096747363335453,1
nudity_matched,original,fp16,fake_w8a8,-0.00931768553952376,-0.04202357777006303,0.01933682295105726,-0.04350993809057396,0.02014963733963669,1
nudity_matched,original,fp16,fused_int8,-0.004712155864884456,-0.03638385616165274,0.025699643581174304,-0.03805603007397926,0.025767344127719603,1
nudity_matched,original,fake_w8a8,fused_int8,0.004605529674639304,-0.0035500830660263696,0.01567779820955668,-0.003564769631096472,0.016008440149016676,1
nudity_matched,erased,fp16,fake_w8a8,0.005357272457331419,-0.028387814042313643,0.04014667600470892,-0.028543133226533728,0.03988651701171572,1
nudity_matched,erased,fp16,fused_int8,0.007081021709988515,-0.02863223718789716,0.043432216676107284,-0.02851920152703921,0.04378231709900625,1
nudity_matched,erased,fake_w8a8,fused_int8,0.0017237492526570957,-0.00825028132724886,0.012483129654234879,-0.008131493189527344,0.012196760764345532,1
nudity_matched,matched_m1,fp16,fake_w8a8,0.006517494873454173,-0.03847305372279758,0.05656510464614252,-0.037402831832878285,0.05560364536553001,1
nudity_matched,matched_m1,fp16,fused_int8,0.018012207467108965,-0.014630996796768162,0.06458444123854852,-0.015038880057788143,0.0638196929668387,1
nudity_matched,matched_m1,fake_w8a8,fused_int8,0.011494712593654791,-0.0049453012528829264,0.04509945692261669,-0.004738586496872208,0.04508016334536178,1
