run,file,sha256
style,a2_passive_w8a8.csv,f3117dce0e64b64c8e645c433cbbd07cc3f6d78315394210d6530c3b46967483
style,a2_per_image.json,69ec21101fea7c579d2f271c8795174fa74ce6fbbfff3959c0cb27974796425e
style,a4_craft_attack.csv,d3953b2ddb56fa0a59f9137a0932eb0a570531b3243326fea438217230b94d09
style,a4_craft_info.csv,767fe7d3a74275ef66511f9e3522112aad5a9657141b39f62432c6d6ec29b102
style,a4_per_image.json,30286322107fb4c9ce59a7ea159e427375af3906fb06ec2dcf09e8c8526b5f6f
style,a6_certifier.csv,8cc4e0e4182eb0c7c4fcdbc36b0207818e26f67d35ff5ccc956712f22e6ef382
style,a6_certifier.json,84865e344535e76fb98f019cf28aad95af4eda210e3397cb4acd85a006ba75c9
style,act_stats.npz,59c96047f21653bedb364774b2b5dd66441c1b85e141f9e582de6dcee158a707
nudity,a7_certifier.json,7996fc3bcd57b499a7ea5878561b0377bb4aae7b19c9c6a3c1e6db94caf470a7
nudity,a7_craft_info.csv,decd9282d4c9d67a0cb7073ae194e0f3586b4bb7d8ed5e4284bee0810c449992
nudity,a7_nudity.csv,9f8ffd1c130f6a6bf1c4f1b213b7f74f97783174ac46ffef0960c1800581e7e6
nudity,a7_per_image.json,aef38a41621f85e4426d500a051e3bcd2c67f6baa995164b96598509b7619a93
nudity,a7_per_image_clip.json,97c763e107a8591eb4d5c49a7b3b8bb1c663fbcdb8fc788285facb9e32c38e6f
nudity,act_stats.npz,59c96047f21653bedb364774b2b5dd66441c1b85e141f9e582de6dcee158a707
calibration,a1_act_collision.csv,c5acdbd071b260ed6af9e534faa2c9a8c5e45dc3cffd81134c771e93cae50fdf
calibration,a3_binwidth_real.csv,9c73c11629cc77cde382cb64caa7724502a931b1a2afd201be458ccab217efc7
calibration,a3_binwidth_real.json,bf5e947dcd9f35097681b585d9b5bbc93cec2fd21ac3c37404d56d07d59b39e7
calibration,a3_threat_model_sweep.csv,7254e29edccb2f531ec433d1d30a30a9da355d52892b1f32d1551f2aa3042e0f
calibration,act_stats.npz,59c96047f21653bedb364774b2b5dd66441c1b85e141f9e582de6dcee158a707
calibration,act_stats_summary.json,894a6e683c16bfa22162d59fdec1abb2a90b28f639822b37e5d965d4a7c3c624
calibration,act_stats_wide.csv,5b71c53e5d868d359c4ae198f4d08308ed000f6d7a3f8b0975fa9cc6e6fa847d
kernel,a5_kernel_divergence.csv,02a3b8f089f059d1227908afeedc6ee3181e34fd1c08f767f3f8828693c4d26e
kernel,a5_kernel_divergence.json,c7ab81a6189c1ae4c634d614da594eda682b8d72e76c79704ada5d1b8c4f610d
kernel,act_stats.npz,652210cbe495da1e050baa6511573f53c9a3c5410c90e31b6a425164b8242a10
kernel,act_stats_summary.json,a66085e7238168f3e9dda17b440bc9163936ffbfda94f05021e95e603e450018
kernel,act_stats_wide.csv,256fec8a779208fa745f90d5e90a416f7b3330517c74798606bfda14be2f69db
fixedpoint_gate,a8_fixedpoint_summary.csv,c62a718ae3d2e67e0eabd61c5db1a7860d60d10a679c12f6cb7c5575f5ccc810
fixedpoint_gate,a8_fixedpoint_trace.csv,7c25ff6b0c699729651ba12e4e2f67cc9f82231aa63e40274add66ea40341992
fixedpoint_gate,a8_nudity_honest.safetensors,96864d7051c5f5055469e934084233a4eac9919152a3e5b36ed90c7b68ada707
fixedpoint_gate,a8_nudity_m16_best.safetensors,5e0ebd53a38ec2a04136e9b6c5d5e4539200c2016cca1abdfdc9b4ff5190823a
fixedpoint_gate,a8_nudity_m1_best.safetensors,f3af43489cc360528a3979865b8cc7e363e0c6039511e94eaa222ee9770aed1a
fixedpoint_gate,a8_nudity_m4_best.safetensors,d0a180af1d2d2d99b5a29f2db69b16567a3e7acfd1e00f432b6a24c55571b00d
fixedpoint_gate,a8_recipe.json,0e8fca43841b0275434ea807fbe9faa8aed5a3245775f5110280593b58e068d8
fixedpoint_gate,a8_style_honest.safetensors,77cf218e353dbed259c016aaf4ae6984397da8795d9c6ca8841543fc3b546cc8
fixedpoint_gate,a8_style_m16_best.safetensors,51e8c031f47b092119fcd8541dd8a87ac82de7811bdce20a182130d6ed4a124d
fixedpoint_gate,a8_style_m1_best.safetensors,bd313dbee75cee8965efcd65df209b6933d7dafe5f13888493d6aa65a48af656
fixedpoint_gate,a8_style_m4_best.safetensors,3ca717b67d0c561aabae943e5fc2935c3c554d01ac5f283d4b9ce211e3566c8b
fixedpoint_gate,act_stats.npz,59c96047f21653bedb364774b2b5dd66441c1b85e141f9e582de6dcee158a707
matched_style,a8_fixedpoint_summary.csv,c62a718ae3d2e67e0eabd61c5db1a7860d60d10a679c12f6cb7c5575f5ccc810
matched_style,a8_style_m1_best.safetensors,bd313dbee75cee8965efcd65df209b6933d7dafe5f13888493d6aa65a48af656
matched_style,a9_style_codes.csv,8b094b6544810d8b097d66a936332c7bb203e43e5cf896ffa4affb4773a2d880
matched_style,a9_style_honest.safetensors,77cf218e353dbed259c016aaf4ae6984397da8795d9c6ca8841543fc3b546cc8
matched_style,a9_style_means.csv,4ae1792194db7e86a22ba5156f1a2333b5b626eddbfbcff297f9791a675cdbea
matched_style,a9_style_per_image.json,546d0cbbbd2686870d0512c0d3a3aaff82b1d9aaab767ef3351a95eeeb0bf817
matched_style,a9_style_recipe.json,9bebcc7910db234543160ee214da56a0268678fcddc476aa35e8625d468b664d
matched_style,act_stats.npz,59c96047f21653bedb364774b2b5dd66441c1b85e141f9e582de6dcee158a707
matched_nudity,a8_fixedpoint_summary.csv,c62a718ae3d2e67e0eabd61c5db1a7860d60d10a679c12f6cb7c5575f5ccc810
matched_nudity,a8_nudity_m1_best.safetensors,f3af43489cc360528a3979865b8cc7e363e0c6039511e94eaa222ee9770aed1a
matched_nudity,a9_nudity_clip_per_image.json,e49b78bb4697ae7f6f5a2f78a641dc4fb255c07e009c04859523445ab1fcbfca
matched_nudity,a9_nudity_codes.csv,68489e8fd1d9c2006d9ff2c6be5e55c9ebcd335f2f9581bc3748a99f2c15c8d8
matched_nudity,a9_nudity_honest.safetensors,96864d7051c5f5055469e934084233a4eac9919152a3e5b36ed90c7b68ada707
matched_nudity,a9_nudity_means.csv,208cbf26dcb6d570f990d4d0e396eb23cfa696a13cc44d669e07503a895de525
matched_nudity,a9_nudity_per_image.json,5b0f0f17ed1c32c04ef78f47ac01f7e3fb58aa1d9bfd030f3d661852c6bc90ad
matched_nudity,a9_nudity_recipe.json,645ee68ec44a8793a9392fc6e2d238bdefb6f9e2449ca9d0915d3e29887308d1
matched_nudity,act_stats.npz,59c96047f21653bedb364774b2b5dd66441c1b85e141f9e582de6dcee158a707
