model,path,quant_scope,p_target,ci_lo,ci_hi,n
original,fp16,xattn,0.870215892791748,0.8162962629032943,0.9178551085409707,192
original,fake_w8a8,xattn,0.8707181811332703,0.816091308251877,0.9178196938048738,192
original,fused_int8,xattn,0.870926558971405,0.8158431850878212,0.9185275299396987,192
erased_s0.5,fp16,xattn,0.5033213496208191,0.39788040598408164,0.6072791380958127,192
erased_s0.5,fake_w8a8,xattn,0.5039131045341492,0.3953726496860327,0.6107587239949982,192
erased_s0.5,fused_int8,xattn,0.5011460781097412,0.39334654119641826,0.6070248826739165,192
erased_s1.0,fp16,xattn,0.5042072534561157,0.3986666504747215,0.6074417821480892,192
erased_s1.0,fake_w8a8,xattn,0.4988126754760742,0.39016777795089486,0.6045480089477981,192
erased_s1.0,fused_int8,xattn,0.5004003047943115,0.39132432277619955,0.6061265091528185,192
erased_s1.5,fp16,xattn,0.5057663321495056,0.400680417954815,0.6093457640648313,192
erased_s1.5,fake_w8a8,xattn,0.5022829174995422,0.39391931686695897,0.6075931181796477,192
erased_s1.5,fused_int8,xattn,0.5008584856987,0.39251503628741674,0.6069765854322516,192
erased_s2.0,fp16,xattn,0.5035393834114075,0.39823355993091053,0.6070726326880199,192
erased_s2.0,fake_w8a8,xattn,0.5024424195289612,0.3945039983036016,0.607308083297539,192
erased_s2.0,fused_int8,xattn,0.5044421553611755,0.3970849365835117,0.6098328248481266,192
