tensor,deployer_code_agreement,median_budget_ratio,frac_wider_than_weight_only,edit_retention,pinned_frac,cond
down_blocks.0.attentions.0.transformer_blocks.0.attn2.to_k.weight,0.6897420287132263,1.0375738143920898,0.5930420160293579,0.21747811138629913,0.0013020833721384406,craft_known
down_blocks.0.attentions.0.transformer_blocks.0.attn2.to_v.weight,0.67095947265625,0.9834054112434387,0.4565470516681671,0.2105727344751358,0.0013020833721384406,craft_known
down_blocks.0.attentions.1.transformer_blocks.0.attn2.to_k.weight,0.6697550415992737,1.0105068683624268,0.5185831785202026,0.2583787441253662,0.0013020833721384406,craft_known
down_blocks.0.attentions.1.transformer_blocks.0.attn2.to_v.weight,0.6263793706893921,0.9840067625045776,0.4695190489292145,0.2129238098859787,0.0013020833721384406,craft_known
down_blocks.1.attentions.0.transformer_blocks.0.attn2.to_k.weight,0.7192179560661316,1.0226941108703613,0.5665527582168579,0.1973722279071808,0.0013020833721384406,craft_known
down_blocks.1.attentions.0.transformer_blocks.0.attn2.to_v.weight,0.6741923093795776,0.9809203743934631,0.4485412538051605,0.1982080042362213,0.0013020833721384406,craft_known
down_blocks.1.attentions.1.transformer_blocks.0.attn2.to_k.weight,0.6614745855331421,1.0882521867752075,0.6951843500137329,0.21674029529094696,0.0013020833721384406,craft_known
down_blocks.1.attentions.1.transformer_blocks.0.attn2.to_v.weight,0.6259968876838684,0.9545637369155884,0.4069783389568329,0.1938541829586029,0.0013020833721384406,craft_known
down_blocks.2.attentions.0.transformer_blocks.0.attn2.to_k.weight,0.7448710203170776,1.0349043607711792,0.6095865964889526,0.19406002759933472,0.0013020833721384406,craft_known
down_blocks.2.attentions.0.transformer_blocks.0.attn2.to_v.weight,0.7644683718681335,0.9923783540725708,0.4778554141521454,0.19502675533294678,0.0013020833721384406,craft_known
down_blocks.2.attentions.1.transformer_blocks.0.attn2.to_k.weight,0.7445322871208191,1.029136061668396,0.5932424068450928,0.19753412902355194,0.0013020833721384406,craft_known
down_blocks.2.attentions.1.transformer_blocks.0.attn2.to_v.weight,0.7577555179595947,1.0009185075759888,0.5026102662086487,0.20716816186904907,0.0013020833721384406,craft_known
up_blocks.1.attentions.0.transformer_blocks.0.attn2.to_k.weight,0.7959564328193665,1.0149487257003784,0.5519887208938599,0.19557377696037292,0.0013020833721384406,craft_known
up_blocks.1.attentions.0.transformer_blocks.0.attn2.to_v.weight,0.7771850824356079,0.9981295466423035,0.4940144717693329,0.20432217419147491,0.0013020833721384406,craft_known
up_blocks.1.attentions.1.transformer_blocks.0.attn2.to_k.weight,0.8074818849563599,1.016523838043213,0.5536834597587585,0.20241211354732513,0.0013020833721384406,craft_known
up_blocks.1.attentions.1.transformer_blocks.0.attn2.to_v.weight,0.783886730670929,0.9880776405334473,0.4635070860385895,0.2092331349849701,0.0013020833721384406,craft_known
up_blocks.1.attentions.2.transformer_blocks.0.attn2.to_k.weight,0.7936055660247803,1.0211262702941895,0.5703226923942566,0.1958804726600647,0.0013020833721384406,craft_known
up_blocks.1.attentions.2.transformer_blocks.0.attn2.to_v.weight,0.757397472858429,0.9713672995567322,0.4192555844783783,0.20194995403289795,0.0013020833721384406,craft_known
up_blocks.2.attentions.0.transformer_blocks.0.attn2.to_k.weight,0.7200602293014526,1.0247122049331665,0.571392834186554,0.1926625519990921,0.0013020833721384406,craft_known
up_blocks.2.attentions.0.transformer_blocks.0.attn2.to_v.weight,0.7126098871231079,0.9408231973648071,0.35078734159469604,0.1955995112657547,0.0013020833721384406,craft_known
up_blocks.2.attentions.1.transformer_blocks.0.attn2.to_k.weight,0.7159179449081421,1.0334454774856567,0.5941101312637329,0.2074165642261505,0.0013020833721384406,craft_known
up_blocks.2.attentions.1.transformer_blocks.0.attn2.to_v.weight,0.703631579875946,0.9444096088409424,0.3760884702205658,0.20734037458896637,0.0013020833721384406,craft_known
up_blocks.2.attentions.2.transformer_blocks.0.attn2.to_k.weight,0.7066365480422974,1.0338860750198364,0.5941731929779053,0.19851776957511902,0.0013020833721384406,craft_known
up_blocks.2.attentions.2.transformer_blocks.0.attn2.to_v.weight,0.7079182863235474,0.913321852684021,0.3166300356388092,0.1912783831357956,0.0013020833721384406,craft_known
up_blocks.3.attentions.0.transformer_blocks.0.attn2.to_k.weight,0.6774251461029053,0.9155533313751221,0.3529703915119171,0.24494458734989166,0.0013020833721384406,craft_known
up_blocks.3.attentions.0.transformer_blocks.0.attn2.to_v.weight,0.638195812702179,0.9794750809669495,0.45618489384651184,0.19785310328006744,0.0013020833721384406,craft_known
up_blocks.3.attentions.1.transformer_blocks.0.attn2.to_k.weight,0.683361828327179,0.9688314199447632,0.4512288272380829,0.24287833273410797,0.0013020833721384406,craft_known
up_blocks.3.attentions.1.transformer_blocks.0.attn2.to_v.weight,0.6417643427848816,0.9441547989845276,0.38402098417282104,0.19761890172958374,0.0013020833721384406,craft_known
up_blocks.3.attentions.2.transformer_blocks.0.attn2.to_k.weight,0.6811238527297974,0.956254780292511,0.43793538212776184,0.25614526867866516,0.0013020833721384406,craft_known
up_blocks.3.attentions.2.transformer_blocks.0.attn2.to_v.weight,0.6318807005882263,0.8975242376327515,0.32056885957717896,0.19729048013687134,0.0013020833721384406,craft_known
mid_block.attentions.0.transformer_blocks.0.attn2.to_k.weight,0.7263712286949158,1.0419050455093384,0.6231974363327026,0.19387319684028625,0.0013020833721384406,craft_known
mid_block.attentions.0.transformer_blocks.0.attn2.to_v.weight,0.7707590460777283,1.017720341682434,0.5552347898483276,0.2018904834985733,0.0013020833721384406,craft_known
down_blocks.0.attentions.0.transformer_blocks.0.attn2.to_k.weight,0.7132568359375,0.6156508326530457,0.22992350161075592,0.147808238863945,0.0017781575443223119,craft_m4
down_blocks.0.attentions.0.transformer_blocks.0.attn2.to_v.weight,0.7523030638694763,0.4904859960079193,0.0945027694106102,0.11827436834573746,0.002071126364171505,craft_m4
down_blocks.0.attentions.1.transformer_blocks.0.attn2.to_k.weight,0.6720540523529053,0.7568119168281555,0.3336385190486908,0.2097904235124588,0.0015828449977561831,craft_m4
down_blocks.0.attentions.1.transformer_blocks.0.attn2.to_v.weight,0.7180623412132263,0.5459229350090027,0.15483805537223816,0.1404898762702942,0.00189208984375,craft_m4
down_blocks.1.attentions.0.transformer_blocks.0.attn2.to_k.weight,0.7455037236213684,0.5262036919593811,0.12966714799404144,0.11557310819625854,0.0019490559352561831,craft_m4
down_blocks.1.attentions.0.transformer_blocks.0.attn2.to_v.weight,0.760943591594696,0.47442105412483215,0.06061401218175888,0.10617606341838837,0.0021240233909338713,craft_m4
down_blocks.1.attentions.1.transformer_blocks.0.attn2.to_k.weight,0.7159016728401184,0.6391081213951111,0.24269816279411316,0.14460428059101105,0.0017659504665061831,craft_m4
down_blocks.1.attentions.1.transformer_blocks.0.attn2.to_v.weight,0.7466227412223816,0.48205581307411194,0.07720337063074112,0.10901018232107162,0.00201416015625,craft_m4
down_blocks.2.attentions.0.transformer_blocks.0.attn2.to_k.weight,0.7525278925895691,0.5166563987731934,0.11259765923023224,0.10961318016052246,0.0019907632376998663,craft_m4
down_blocks.2.attentions.0.transformer_blocks.0.attn2.to_v.weight,0.7734537720680237,0.45834577083587646,0.04653625562787056,0.09990189224481583,0.0022145588882267475,craft_m4
down_blocks.2.attentions.1.transformer_blocks.0.attn2.to_k.weight,0.7643035650253296,0.4897136092185974,0.0815277099609375,0.10667658597230911,0.002105712890625,craft_m4
down_blocks.2.attentions.1.transformer_blocks.0.attn2.to_v.weight,0.7781839966773987,0.45634549856185913,0.0495808906853199,0.10545286536216736,0.0022094727028161287,craft_m4
up_blocks.1.attentions.0.transformer_blocks.0.attn2.to_k.weight,0.7725932002067566,0.4665427803993225,0.0541483573615551,0.10175256431102753,0.0022125244140625,craft_m4
up_blocks.1.attentions.0.transformer_blocks.0.attn2.to_v.weight,0.7817891240119934,0.44742095470428467,0.03162231296300888,0.10164768248796463,0.0022410075180232525,craft_m4
up_blocks.1.attentions.1.transformer_blocks.0.attn2.to_k.weight,0.7734883427619934,0.4681410491466522,0.05547383800148964,0.10590196400880814,0.0021850585471838713,craft_m4
up_blocks.1.attentions.1.transformer_blocks.0.attn2.to_v.weight,0.7834492921829224,0.44062328338623047,0.02615458145737648,0.10373605042695999,0.0022369385696947575,craft_m4
up_blocks.1.attentions.2.transformer_blocks.0.attn2.to_k.weight,0.768585205078125,0.4782007336616516,0.06531371921300888,0.10364114493131638,0.002125040628015995,craft_m4
up_blocks.1.attentions.2.transformer_blocks.0.attn2.to_v.weight,0.7780507206916809,0.44001996517181396,0.02776489220559597,0.1012815609574318,0.0022186278365552425,craft_m4
up_blocks.2.attentions.0.transformer_blocks.0.attn2.to_k.weight,0.7252889275550842,0.5628182888031006,0.16033731400966644,0.12080524861812592,0.0018290202133357525,craft_m4
up_blocks.2.attentions.0.transformer_blocks.0.attn2.to_v.weight,0.7734476923942566,0.43525269627571106,0.02925008162856102,0.0996982678771019,0.0022196450736373663,craft_m4
up_blocks.2.attentions.1.transformer_blocks.0.attn2.to_k.weight,0.7450011968612671,0.5338175296783447,0.13667602837085724,0.12309925258159637,0.0019490559352561831,craft_m4
up_blocks.2.attentions.1.transformer_blocks.0.attn2.to_v.weight,0.7687459588050842,0.4479188024997711,0.04826660081744194,0.10909824073314667,0.0021606446243822575,craft_m4
up_blocks.2.attentions.2.transformer_blocks.0.attn2.to_k.weight,0.749462902545929,0.5270135998725891,0.13669027388095856,0.11549774557352066,0.0019266764866188169,craft_m4
up_blocks.2.attentions.2.transformer_blocks.0.attn2.to_v.weight,0.7644450068473816,0.435173362493515,0.03505655750632286,0.10058023780584335,0.0021748861763626337,craft_m4
up_blocks.3.attentions.0.transformer_blocks.0.attn2.to_k.weight,0.6516926884651184,0.7718468904495239,0.3433268368244171,0.21058602631092072,0.0015462239971384406,craft_m4
up_blocks.3.attentions.0.transformer_blocks.0.attn2.to_v.weight,0.7185384035110474,0.551054060459137,0.14600829780101776,0.12920162081718445,0.0017903646221384406,craft_m4
up_blocks.3.attentions.1.transformer_blocks.0.attn2.to_k.weight,0.6550821661949158,0.8106406927108765,0.3827555477619171,0.2046506106853485,0.0014689128147438169,craft_m4
up_blocks.3.attentions.1.transformer_blocks.0.attn2.to_v.weight,0.726208508014679,0.5144422650337219,0.10585937649011612,0.12332142144441605,0.0018432617653161287,craft_m4
up_blocks.3.attentions.2.transformer_blocks.0.attn2.to_k.weight,0.6505492925643921,0.8170201182365417,0.3827107846736908,0.21904325485229492,0.0015706380363553762,craft_m4
up_blocks.3.attentions.2.transformer_blocks.0.attn2.to_v.weight,0.7130411863327026,0.5214843153953552,0.11097819358110428,0.12994930148124695,0.0017496744403615594,craft_m4
mid_block.attentions.0.transformer_blocks.0.attn2.to_k.weight,0.7472890019416809,0.5274671912193298,0.12745259702205658,0.1112617701292038,0.0019541422370821238,craft_m4
mid_block.attentions.0.transformer_blocks.0.attn2.to_v.weight,0.7707254886627197,0.4766528308391571,0.07154133915901184,0.10507581382989883,0.0021718342322856188,craft_m4
down_blocks.0.attentions.0.transformer_blocks.0.attn2.to_k.weight,0.8343343138694763,0.26090186834335327,0.11518961936235428,0.08878083527088165,0.0020385743118822575,craft_m16
down_blocks.0.attentions.0.transformer_blocks.0.attn2.to_v.weight,0.8764933347702026,0.18703824281692505,0.03531493991613388,0.06067131087183952,0.0026652019005268812,craft_m16
down_blocks.0.attentions.1.transformer_blocks.0.attn2.to_k.weight,0.7883219122886658,0.36079275608062744,0.16965332627296448,0.1386183351278305,0.0016886392841115594,craft_m16
down_blocks.0.attentions.1.transformer_blocks.0.attn2.to_v.weight,0.8402140140533447,0.22887970507144928,0.06048177182674408,0.08150541037321091,0.0022867838852107525,craft_m16
down_blocks.1.attentions.0.transformer_blocks.0.attn2.to_k.weight,0.8710957765579224,0.20247025787830353,0.05484212189912796,0.06132769584655762,0.0023864745162427425,craft_m16
down_blocks.1.attentions.0.transformer_blocks.0.attn2.to_v.weight,0.8846659064292908,0.17958344519138336,0.01770629920065403,0.052249424159526825,0.002750650979578495,craft_m16
down_blocks.1.attentions.1.transformer_blocks.0.attn2.to_k.weight,0.837475597858429,0.26801803708076477,0.099700927734375,0.08484598249197006,0.0020080567337572575,craft_m16
down_blocks.1.attentions.1.transformer_blocks.0.attn2.to_v.weight,0.8707255125045776,0.18787789344787598,0.02451782301068306,0.05625370144844055,0.002559407614171505,craft_m16
down_blocks.2.attentions.0.transformer_blocks.0.attn2.to_k.weight,0.8780344724655151,0.19514892995357513,0.0397694893181324,0.05623195320367813,0.0025278727989643812,craft_m16
down_blocks.2.attentions.0.transformer_blocks.0.attn2.to_v.weight,0.8974202275276184,0.16766957938671112,0.013338216580450535,0.04685793071985245,0.0029001871589571238,craft_m16
down_blocks.2.attentions.1.transformer_blocks.0.attn2.to_k.weight,0.8892547488212585,0.18055739998817444,0.02699788473546505,0.052393000572919846,0.0027618408203125,craft_m16
down_blocks.2.attentions.1.transformer_blocks.0.attn2.to_v.weight,0.9004811644554138,0.16586177051067352,0.01589050330221653,0.049442753195762634,0.0029571533668786287,craft_m16
up_blocks.1.attentions.0.transformer_blocks.0.attn2.to_k.weight,0.8988097906112671,0.16908499598503113,0.01823323592543602,0.04846249520778656,0.0029846192337572575,craft_m16
up_blocks.1.attentions.0.transformer_blocks.0.attn2.to_v.weight,0.90618896484375,0.1602957546710968,0.007691447157412767,0.04612651467323303,0.0030649821273982525,craft_m16
up_blocks.1.attentions.1.transformer_blocks.0.attn2.to_k.weight,0.8986877202987671,0.1694871485233307,0.01952514611184597,0.05065999925136566,0.0029205321334302425,craft_m16
up_blocks.1.attentions.1.transformer_blocks.0.attn2.to_v.weight,0.9073445796966553,0.15711896121501923,0.0060475668869912624,0.04655468463897705,0.0030202229972928762,craft_m16
up_blocks.1.attentions.2.transformer_blocks.0.attn2.to_k.weight,0.8935801386833191,0.17532195150852203,0.02231953851878643,0.0503515899181366,0.0027984618209302425,craft_m16
up_blocks.1.attentions.2.transformer_blocks.0.attn2.to_v.weight,0.9049367308616638,0.15677274763584137,0.0067576090805232525,0.045510243624448776,0.0030232747085392475,craft_m16
up_blocks.2.attentions.0.transformer_blocks.0.attn2.to_k.weight,0.8527771234512329,0.22504422068595886,0.05791626125574112,0.06661997735500336,0.002201334573328495,craft_m16
up_blocks.2.attentions.0.transformer_blocks.0.attn2.to_v.weight,0.900982677936554,0.1548137217760086,0.007411702536046505,0.04494226723909378,0.002960205078125,craft_m16
up_blocks.2.attentions.1.transformer_blocks.0.attn2.to_k.weight,0.8695150017738342,0.2074868083000183,0.05419718474149704,0.06585323065519333,0.0024251302238553762,craft_m16
up_blocks.2.attentions.1.transformer_blocks.0.attn2.to_v.weight,0.8935770392417908,0.16329523921012878,0.01490885391831398,0.051664602011442184,0.0028503418434411287,craft_m16
up_blocks.2.attentions.2.transformer_blocks.0.attn2.to_k.weight,0.873687744140625,0.20044218003749847,0.05695800855755806,0.0610235296189785,0.0023925781715661287,craft_m16
up_blocks.2.attentions.2.transformer_blocks.0.attn2.to_v.weight,0.8936177492141724,0.15716268122196198,0.01048380509018898,0.04647462069988251,0.0028401692397892475,craft_m16
up_blocks.3.attentions.0.transformer_blocks.0.attn2.to_k.weight,0.7696288824081421,0.38177943229675293,0.17731526494026184,0.1409974843263626,0.0016113281017169356,craft_m16
up_blocks.3.attentions.0.transformer_blocks.0.attn2.to_v.weight,0.8471435308456421,0.22258271276950836,0.05543212965130806,0.07208888232707977,0.0021565754432231188,craft_m16
up_blocks.3.attentions.1.transformer_blocks.0.attn2.to_k.weight,0.771228015422821,0.4117088317871094,0.2130126953125,0.13728676736354828,0.0015625000232830644,craft_m16
up_blocks.3.attentions.1.transformer_blocks.0.attn2.to_v.weight,0.8568969964981079,0.20111462473869324,0.03704427182674408,0.06615065038204193,0.0022745768073946238,craft_m16
up_blocks.3.attentions.2.transformer_blocks.0.attn2.to_k.weight,0.76666259765625,0.41294705867767334,0.21906331181526184,0.14666621387004852,0.0015950520755723119,craft_m16
up_blocks.3.attentions.2.transformer_blocks.0.attn2.to_v.weight,0.8404012322425842,0.21663115918636322,0.03896484524011612,0.07341922074556351,0.0020914713386446238,craft_m16
mid_block.attentions.0.transformer_blocks.0.attn2.to_k.weight,0.8746755123138428,0.200232595205307,0.04442443698644638,0.05748145654797554,0.0024241129867732525,craft_m16
mid_block.attentions.0.transformer_blocks.0.attn2.to_v.weight,0.8934661746025085,0.17607785761356354,0.02577616460621357,0.05064473673701286,0.0028839111328125,craft_m16
