model,honest,P_fp16,P_fake_w8a8,P_fused_int8,fp16_vs_fake,fake_vs_fused,worst_gap,worst_pair,flagged,missed_by_2path
original,True,0.8702159496024251,0.8707182169115791,0.8709265794605017,0.0005022673091540734,0.00020836254892249903,0.0007106298580765724,fp16->fused_int8,False,False
erased_s0.5,True,0.5033213638331896,0.503913065379796,0.5011460699315649,0.0005917015466062973,-0.0027669954482310763,0.0027669954482310763,fake_w8a8->fused_int8,False,False
erased_s1.0,True,0.5042072615566818,0.4988126950629521,0.5004003103434419,-0.005394566493729751,0.0015876152804897477,0.005394566493729751,fp16->fake_w8a8,True,False
erased_s1.5,True,0.5057662911034034,0.5022829048878824,0.5008585035538999,-0.0034833862155210227,-0.0014244013339824353,0.004907787549503458,fp16->fused_int8,False,False
erased_s2.0,True,0.5035394372146887,0.5024424471290937,0.5044421063212212,-0.001096990085594977,0.001999659192127486,0.001999659192127486,fake_w8a8->fused_int8,False,False
erased_fp16,False,0.5035394372146887,0.5064849822665565,0.5036177225410938,0.002945545051867763,-0.0028672597254626453,0.002945545051867763,fp16->fake_w8a8,False,False
craft_known,False,0.8417238568266233,0.8580925400989751,0.860614365277191,0.01636868327235182,0.002521825178215901,0.018890508450567722,fp16->fused_int8,True,False
craft_m4,False,0.8484148876741529,0.8544039900880307,0.8532420448027551,0.005989102413877845,-0.0011619452852755785,0.005989102413877845,fp16->fake_w8a8,True,False
craft_m16,False,0.856110791520526,0.8580658291466534,0.8597867119436463,0.001955037626127402,0.0017208827969928582,0.0036759204231202602,fp16->fused_int8,False,False
