tensor,edit_retention,budget_ratio,deployer_agreement,cond
down_blocks.0.attentions.0.transformer_blocks.0.attn2.to_k.weight,0.20547053217887878,1.0373708009719849,0.682177722454071,craft_known
down_blocks.0.attentions.0.transformer_blocks.0.attn2.to_v.weight,0.20582179725170135,0.9832115769386292,0.6736978888511658,craft_known
down_blocks.0.attentions.1.transformer_blocks.0.attn2.to_k.weight,0.2251940369606018,1.0107156038284302,0.6557332277297974,craft_known
down_blocks.0.attentions.1.transformer_blocks.0.attn2.to_v.weight,0.20335425436496735,0.9837399125099182,0.6245645880699158,craft_known
down_blocks.1.attentions.0.transformer_blocks.0.attn2.to_k.weight,0.1946665644645691,1.0226261615753174,0.7199605107307434,craft_known
down_blocks.1.attentions.0.transformer_blocks.0.attn2.to_v.weight,0.2011646330356598,0.9807940125465393,0.669879138469696,craft_known
down_blocks.1.attentions.1.transformer_blocks.0.attn2.to_k.weight,0.21010363101959229,1.0877584218978882,0.6622904539108276,craft_known
down_blocks.1.attentions.1.transformer_blocks.0.attn2.to_v.weight,0.19745677709579468,0.954587459564209,0.638104259967804,craft_known
down_blocks.2.attentions.0.transformer_blocks.0.attn2.to_k.weight,0.189604252576828,1.0348950624465942,0.7495920658111572,craft_known
down_blocks.2.attentions.0.transformer_blocks.0.attn2.to_v.weight,0.19207294285297394,0.9923262000083923,0.7576141357421875,craft_known
down_blocks.2.attentions.1.transformer_blocks.0.attn2.to_k.weight,0.187617689371109,1.0289968252182007,0.7444102168083191,craft_known
down_blocks.2.attentions.1.transformer_blocks.0.attn2.to_v.weight,0.1939374804496765,1.0008622407913208,0.7529124021530151,craft_known
up_blocks.1.attentions.0.transformer_blocks.0.attn2.to_k.weight,0.18771597743034363,1.0148676633834839,0.790997326374054,craft_known
up_blocks.1.attentions.0.transformer_blocks.0.attn2.to_v.weight,0.1894109845161438,0.9980798363685608,0.7846659421920776,craft_known
up_blocks.1.attentions.1.transformer_blocks.0.attn2.to_k.weight,0.1906970739364624,1.016428828239441,0.8062072992324829,craft_known
up_blocks.1.attentions.1.transformer_blocks.0.attn2.to_v.weight,0.18949255347251892,0.9879689812660217,0.7728108763694763,craft_known
up_blocks.1.attentions.2.transformer_blocks.0.attn2.to_k.weight,0.1917453110218048,1.0210111141204834,0.7910573482513428,craft_known
up_blocks.1.attentions.2.transformer_blocks.0.attn2.to_v.weight,0.18609239161014557,0.9713358879089355,0.759307861328125,craft_known
up_blocks.2.attentions.0.transformer_blocks.0.attn2.to_k.weight,0.17489585280418396,1.024653673171997,0.7198811769485474,craft_known
up_blocks.2.attentions.0.transformer_blocks.0.attn2.to_v.weight,0.1662481725215912,0.9407435059547424,0.6996134519577026,craft_known
up_blocks.2.attentions.1.transformer_blocks.0.attn2.to_k.weight,0.19677875936031342,1.0332425832748413,0.7126830816268921,craft_known
up_blocks.2.attentions.1.transformer_blocks.0.attn2.to_v.weight,0.19225525856018066,0.9444187879562378,0.6988667845726013,craft_known
up_blocks.2.attentions.2.transformer_blocks.0.attn2.to_k.weight,0.19724367558956146,1.0338780879974365,0.7030680179595947,craft_known
up_blocks.2.attentions.2.transformer_blocks.0.attn2.to_v.weight,0.19038473069667816,0.9133109450340271,0.7096822261810303,craft_known
up_blocks.3.attentions.0.transformer_blocks.0.attn2.to_k.weight,0.2543799877166748,0.9155962467193604,0.690539538860321,craft_known
up_blocks.3.attentions.0.transformer_blocks.0.attn2.to_v.weight,0.22050189971923828,0.9795772433280945,0.6618855595588684,craft_known
up_blocks.3.attentions.1.transformer_blocks.0.attn2.to_k.weight,0.24557621777057648,0.9688256978988647,0.6846354007720947,craft_known
up_blocks.3.attentions.1.transformer_blocks.0.attn2.to_v.weight,0.20282980799674988,0.9441244006156921,0.6393758058547974,craft_known
up_blocks.3.attentions.2.transformer_blocks.0.attn2.to_k.weight,0.24251669645309448,0.9561637043952942,0.6814941167831421,craft_known
up_blocks.3.attentions.2.transformer_blocks.0.attn2.to_v.weight,0.2131686955690384,0.8974213004112244,0.645397961139679,craft_known
mid_block.attentions.0.transformer_blocks.0.attn2.to_k.weight,0.19074052572250366,1.0416338443756104,0.725512683391571,craft_known
mid_block.attentions.0.transformer_blocks.0.attn2.to_v.weight,0.18949531018733978,1.017756462097168,0.7760650515556335,craft_known
down_blocks.0.attentions.0.transformer_blocks.0.attn2.to_k.weight,0.13881593942642212,0.6156508326530457,0.710864245891571,craft_m4
down_blocks.0.attentions.0.transformer_blocks.0.attn2.to_v.weight,0.11558910459280014,0.4904859960079193,0.754162609577179,craft_m4
down_blocks.0.attentions.1.transformer_blocks.0.attn2.to_k.weight,0.18080304563045502,0.7568119168281555,0.6701497435569763,craft_m4
down_blocks.0.attentions.1.transformer_blocks.0.attn2.to_v.weight,0.13183024525642395,0.5459229350090027,0.7209228277206421,craft_m4
down_blocks.1.attentions.0.transformer_blocks.0.attn2.to_k.weight,0.11389365792274475,0.5262036919593811,0.745745837688446,craft_m4
down_blocks.1.attentions.0.transformer_blocks.0.attn2.to_v.weight,0.10769417881965637,0.47442105412483215,0.7626383304595947,craft_m4
down_blocks.1.attentions.1.transformer_blocks.0.attn2.to_k.weight,0.13949212431907654,0.6391081213951111,0.7171081304550171,craft_m4
down_blocks.1.attentions.1.transformer_blocks.0.attn2.to_v.weight,0.11119336634874344,0.48205581307411194,0.7476236820220947,craft_m4
down_blocks.2.attentions.0.transformer_blocks.0.attn2.to_k.weight,0.10677199065685272,0.5166563987731934,0.7528289556503296,craft_m4
down_blocks.2.attentions.0.transformer_blocks.0.attn2.to_v.weight,0.09832584112882614,0.45834577083587646,0.7733825445175171,craft_m4
down_blocks.2.attentions.1.transformer_blocks.0.attn2.to_k.weight,0.10042061656713486,0.4897136092185974,0.7642649412155151,craft_m4
down_blocks.2.attentions.1.transformer_blocks.0.attn2.to_v.weight,0.0984404906630516,0.45634549856185913,0.7775858640670776,craft_m4
up_blocks.1.attentions.0.transformer_blocks.0.attn2.to_k.weight,0.09728091955184937,0.4665427803993225,0.7726297974586487,craft_m4
up_blocks.1.attentions.0.transformer_blocks.0.attn2.to_v.weight,0.0938103199005127,0.44742095470428467,0.7816294431686401,craft_m4
up_blocks.1.attentions.1.transformer_blocks.0.attn2.to_k.weight,0.09923587739467621,0.4681410491466522,0.7747355103492737,craft_m4
up_blocks.1.attentions.1.transformer_blocks.0.attn2.to_v.weight,0.09345292299985886,0.44062328338623047,0.7826273441314697,craft_m4
up_blocks.1.attentions.2.transformer_blocks.0.attn2.to_k.weight,0.1008998230099678,0.4782007336616516,0.7698506712913513,craft_m4
up_blocks.1.attentions.2.transformer_blocks.0.attn2.to_v.weight,0.09289996325969696,0.44001996517181396,0.7783375978469849,craft_m4
up_blocks.2.attentions.0.transformer_blocks.0.attn2.to_k.weight,0.10856320708990097,0.5628182888031006,0.7256815433502197,craft_m4
up_blocks.2.attentions.0.transformer_blocks.0.attn2.to_v.weight,0.08410713076591492,0.43525269627571106,0.7705525755882263,craft_m4
up_blocks.2.attentions.1.transformer_blocks.0.attn2.to_k.weight,0.11703067272901535,0.5338175296783447,0.7435872554779053,craft_m4
up_blocks.2.attentions.1.transformer_blocks.0.attn2.to_v.weight,0.10081463307142258,0.4479188024997711,0.7678161859512329,craft_m4
up_blocks.2.attentions.2.transformer_blocks.0.attn2.to_k.weight,0.11457446962594986,0.5270135998725891,0.750353991985321,craft_m4
up_blocks.2.attentions.2.transformer_blocks.0.attn2.to_v.weight,0.09972580522298813,0.435173362493515,0.7664896845817566,craft_m4
up_blocks.3.attentions.0.transformer_blocks.0.attn2.to_k.weight,0.21686729788780212,0.7718468904495239,0.65771484375,craft_m4
up_blocks.3.attentions.0.transformer_blocks.0.attn2.to_v.weight,0.14270128309726715,0.551054060459137,0.723522961139679,craft_m4
up_blocks.3.attentions.1.transformer_blocks.0.attn2.to_k.weight,0.2048199325799942,0.8106406927108765,0.6604899168014526,craft_m4
up_blocks.3.attentions.1.transformer_blocks.0.attn2.to_v.weight,0.12566107511520386,0.5144422650337219,0.7292643189430237,craft_m4
up_blocks.3.attentions.2.transformer_blocks.0.attn2.to_k.weight,0.2044793665409088,0.8170201182365417,0.6547526121139526,craft_m4
up_blocks.3.attentions.2.transformer_blocks.0.attn2.to_v.weight,0.13950799405574799,0.5214843153953552,0.7149658203125,craft_m4
mid_block.attentions.0.transformer_blocks.0.attn2.to_k.weight,0.10889610648155212,0.5274671912193298,0.7493998408317566,craft_m4
mid_block.attentions.0.transformer_blocks.0.attn2.to_v.weight,0.09844627231359482,0.4766528308391571,0.7701416015625,craft_m4
down_blocks.0.attentions.0.transformer_blocks.0.attn2.to_k.weight,0.08344431966543198,0.26090186834335327,0.8316894769668579,craft_m16
down_blocks.0.attentions.0.transformer_blocks.0.attn2.to_v.weight,0.05918005853891373,0.18703824281692505,0.8761556148529053,craft_m16
down_blocks.0.attentions.1.transformer_blocks.0.attn2.to_k.weight,0.11909604072570801,0.36079275608062744,0.7881795167922974,craft_m16
down_blocks.0.attentions.1.transformer_blocks.0.attn2.to_v.weight,0.07636399567127228,0.22887970507144928,0.8415201902389526,craft_m16
down_blocks.1.attentions.0.transformer_blocks.0.attn2.to_k.weight,0.06057817488908768,0.20247025787830353,0.8707275390625,craft_m16
down_blocks.1.attentions.0.transformer_blocks.0.attn2.to_v.weight,0.053144700825214386,0.17958344519138336,0.8841572999954224,craft_m16
down_blocks.1.attentions.1.transformer_blocks.0.attn2.to_k.weight,0.08186399936676025,0.26801803708076477,0.8383646607398987,craft_m16
down_blocks.1.attentions.1.transformer_blocks.0.attn2.to_v.weight,0.05749287083745003,0.18787789344787598,0.8705729246139526,craft_m16
down_blocks.2.attentions.0.transformer_blocks.0.attn2.to_k.weight,0.054715659469366074,0.19514892995357513,0.8782328367233276,craft_m16
down_blocks.2.attentions.0.transformer_blocks.0.attn2.to_v.weight,0.0461714006960392,0.16766957938671112,0.8970591425895691,craft_m16
down_blocks.2.attentions.1.transformer_blocks.0.attn2.to_k.weight,0.04915614798665047,0.18055739998817444,0.8894093632698059,craft_m16
down_blocks.2.attentions.1.transformer_blocks.0.attn2.to_v.weight,0.046117864549160004,0.16586177051067352,0.9002726078033447,craft_m16
up_blocks.1.attentions.0.transformer_blocks.0.attn2.to_k.weight,0.046151820570230484,0.16908499598503113,0.899078369140625,craft_m16
up_blocks.1.attentions.0.transformer_blocks.0.attn2.to_v.weight,0.04259977862238884,0.1602957546710968,0.90582275390625,craft_m16
up_blocks.1.attentions.1.transformer_blocks.0.attn2.to_k.weight,0.047225046902894974,0.1694871485233307,0.8992411494255066,craft_m16
up_blocks.1.attentions.1.transformer_blocks.0.attn2.to_v.weight,0.04191966354846954,0.15711896121501923,0.9076090455055237,craft_m16
up_blocks.1.attentions.2.transformer_blocks.0.attn2.to_k.weight,0.04895714670419693,0.17532195150852203,0.8939564824104309,craft_m16
up_blocks.1.attentions.2.transformer_blocks.0.attn2.to_v.weight,0.04167186841368675,0.15677274763584137,0.9058247804641724,craft_m16
up_blocks.2.attentions.0.transformer_blocks.0.attn2.to_k.weight,0.05967467278242111,0.22504422068595886,0.8533182740211487,craft_m16
up_blocks.2.attentions.0.transformer_blocks.0.attn2.to_v.weight,0.037790700793266296,0.1548137217760086,0.8998250365257263,craft_m16
up_blocks.2.attentions.1.transformer_blocks.0.attn2.to_k.weight,0.06270532310009003,0.2074868083000183,0.8689046502113342,craft_m16
up_blocks.2.attentions.1.transformer_blocks.0.attn2.to_v.weight,0.04773430898785591,0.16329523921012878,0.8934854865074158,craft_m16
up_blocks.2.attentions.2.transformer_blocks.0.attn2.to_k.weight,0.06066000461578369,0.20044218003749847,0.873492419719696,craft_m16
up_blocks.2.attentions.2.transformer_blocks.0.attn2.to_v.weight,0.04619766026735306,0.15716268122196198,0.8937093019485474,craft_m16
up_blocks.3.attentions.0.transformer_blocks.0.attn2.to_k.weight,0.14549830555915833,0.38177943229675293,0.7741861939430237,craft_m16
up_blocks.3.attentions.0.transformer_blocks.0.attn2.to_v.weight,0.07979527115821838,0.22258271276950836,0.8490926027297974,craft_m16
up_blocks.3.attentions.1.transformer_blocks.0.attn2.to_k.weight,0.13748008012771606,0.4117088317871094,0.7758423089981079,craft_m16
up_blocks.3.attentions.1.transformer_blocks.0.attn2.to_v.weight,0.06728771328926086,0.20111462473869324,0.8581217527389526,craft_m16
up_blocks.3.attentions.2.transformer_blocks.0.attn2.to_k.weight,0.13661502301692963,0.41294705867767334,0.76904296875,craft_m16
up_blocks.3.attentions.2.transformer_blocks.0.attn2.to_v.weight,0.07914743572473526,0.21663115918636322,0.8399658203125,craft_m16
mid_block.attentions.0.transformer_blocks.0.attn2.to_k.weight,0.056141242384910583,0.200232595205307,0.8748494386672974,craft_m16
mid_block.attentions.0.transformer_blocks.0.attn2.to_v.weight,0.047440413385629654,0.17607785761356354,0.8933725953102112,craft_m16
