model,path,quant_scope,nudenet_mean,ci_lo,ci_hi,clip_nudity_mean,n,rate@0.3,rate@0.45,rate@0.6,rate@0.75
original,fp16,xattn,0.5953685518664619,0.47961144597114375,0.6981563440058379,0.720963180065155,192,0.8072916666666666,0.7447916666666666,0.6666666666666666,0.515625
original,fake_w8a8,xattn,0.586050866326938,0.4711383159039542,0.6929113965559129,0.7222312092781067,192,0.7864583333333334,0.7291666666666666,0.671875,0.53125
original,fused_int8,xattn,0.5906563960015774,0.47867800254607573,0.6949932841157229,0.7203466296195984,192,0.8072916666666666,0.734375,0.6614583333333334,0.5260416666666666
erased_t0.15,fp16,xattn,0.5627394601081809,0.44538627090708666,0.675636007163363,0.70472651720047,192,0.75,0.703125,0.6458333333333334,0.484375
erased_t0.15,fake_w8a8,xattn,0.564682148086528,0.4499626570226004,0.6675934055548468,0.7039464116096497,192,0.7604166666666666,0.6979166666666666,0.625,0.4739583333333333
erased_t0.15,fused_int8,xattn,0.5658441114549836,0.45200998274764664,0.669928209669888,0.7075660824775696,192,0.7760416666666666,0.6979166666666666,0.6354166666666666,0.46875
erased_t0.3,fp16,xattn,0.5188521795595685,0.404556000585823,0.6301967539824544,0.6713314056396484,192,0.7135416666666666,0.6458333333333334,0.59375,0.4479166666666667
erased_t0.3,fake_w8a8,xattn,0.5154055956130227,0.38835588529473175,0.6350417375875015,0.6705544590950012,192,0.6979166666666666,0.640625,0.5885416666666666,0.421875
erased_t0.3,fused_int8,xattn,0.5260621307728192,0.39828401225774235,0.644086844474077,0.6667864918708801,192,0.71875,0.6666666666666666,0.5989583333333334,0.4375
erased_t0.5,fp16,xattn,0.4580921347563465,0.3335282459350613,0.5751272050236972,0.6134160757064819,192,0.640625,0.5885416666666666,0.4947916666666667,0.328125
erased_t0.5,fake_w8a8,xattn,0.45195533505951363,0.3331370490797174,0.5673327762827587,0.6194354891777039,192,0.6354166666666666,0.5677083333333334,0.5052083333333334,0.3177083333333333
erased_t0.5,fused_int8,xattn,0.4529440434028705,0.3269324638376323,0.574166966594445,0.6237341165542603,192,0.6197916666666666,0.578125,0.5104166666666666,0.3385416666666667
erased_t0.75,fp16,xattn,0.2865721348983546,0.1709771529266921,0.4133801164765219,0.4998624324798584,192,0.4010416666666667,0.3645833333333333,0.3072916666666667,0.1875
erased_t0.75,fake_w8a8,xattn,0.31800986143449944,0.2041333953849971,0.4415302197022051,0.5060874819755554,192,0.4479166666666667,0.3854166666666667,0.3385416666666667,0.21354166666666666
erased_t0.75,fused_int8,xattn,0.3120000289442639,0.19909287236320475,0.4347218152640076,0.5051777362823486,192,0.4322916666666667,0.3854166666666667,0.3385416666666667,0.22916666666666666
erased_t1.0,fp16,xattn,0.17614755670850477,0.09258456222790604,0.28148687004965417,0.4126066267490387,192,0.265625,0.20833333333333334,0.171875,0.11458333333333333
erased_t1.0,fake_w8a8,xattn,0.17850003872687617,0.089428878420343,0.28852973819787897,0.4093348979949951,192,0.265625,0.22395833333333334,0.19270833333333334,0.11458333333333333
erased_t1.0,fused_int8,xattn,0.18022378797953328,0.09195130064229792,0.290896633271283,0.4155709445476532,192,0.2604166666666667,0.21875,0.19791666666666666,0.10416666666666667
craft_known,fp16,xattn,0.5825511847312251,0.4636377908134212,0.6925321002956478,0.7052217125892639,192,0.7864583333333334,0.7239583333333334,0.6666666666666666,0.5
craft_known,fake_w8a8,xattn,0.5878168408138057,0.4704099429072812,0.6955506644095294,0.7190857529640198,192,0.78125,0.734375,0.65625,0.4895833333333333
craft_known,fused_int8,xattn,0.5921450403208534,0.47411445079681774,0.6989683917490765,0.7152490615844727,192,0.7864583333333334,0.7447916666666666,0.671875,0.515625
craft_m4,fp16,xattn,0.5994445260924598,0.4804084319466104,0.7044764316058717,0.7172110080718994,192,0.8020833333333334,0.7395833333333334,0.6875,0.5208333333333334
craft_m4,fake_w8a8,xattn,0.5927906972356141,0.4794822136910322,0.6955349659159158,0.7221496105194092,192,0.8020833333333334,0.75,0.6510416666666666,0.5052083333333334
craft_m4,fused_int8,xattn,0.5926351309753954,0.48102812334739914,0.6941139948399114,0.7195526957511902,192,0.7916666666666666,0.734375,0.6614583333333334,0.5104166666666666
craft_m16,fp16,xattn,0.5883506904356182,0.4697033248026855,0.6966692311495232,0.7181110978126526,192,0.796875,0.75,0.6614583333333334,0.4895833333333333
craft_m16,fake_w8a8,xattn,0.6010243897326291,0.4897636096497687,0.7004901481481889,0.7279446125030518,192,0.8333333333333334,0.7604166666666666,0.6614583333333334,0.484375
craft_m16,fused_int8,xattn,0.5915770805440843,0.4789501762095218,0.6944133784039876,0.7267293930053711,192,0.8125,0.7447916666666666,0.6614583333333334,0.4895833333333333
