alpha,tensor,closed_form_exact_frac,median_budget_ratio,frac_wider,frac_10x
0.5,down_blocks.0.attentions.0.transformer_blocks.0.attn2.to_k.weight,1.0,0.14399959036182255,0.04104817658662796,0.0
0.5,down_blocks.0.attentions.0.transformer_blocks.0.attn2.to_v.weight,1.0,0.12488924347635726,0.00917154923081398,0.0
0.5,down_blocks.0.attentions.1.transformer_blocks.0.attn2.to_k.weight,1.0,0.15862826234435531,0.0479939766228199,0.0
0.5,down_blocks.0.attentions.1.transformer_blocks.0.attn2.to_v.weight,1.0,0.12709450646317752,0.011173502542078495,0.0
0.5,down_blocks.1.attentions.0.transformer_blocks.0.attn2.to_k.weight,1.0,0.12983388780630026,0.02152099646627903,0.0
0.5,down_blocks.1.attentions.0.transformer_blocks.0.attn2.to_v.weight,1.0,0.12035877694848239,0.005387370008975267,0.0
0.5,down_blocks.1.attentions.1.transformer_blocks.0.attn2.to_k.weight,1.0,0.1458309819642614,0.03046468086540699,0.0
0.5,down_blocks.1.attentions.1.transformer_blocks.0.attn2.to_v.weight,1.0,0.11834826651077304,0.006634521298110485,0.0
0.5,down_blocks.2.attentions.0.transformer_blocks.0.attn2.to_k.weight,1.0,0.12903678864776716,0.01217753067612648,0.0
0.5,down_blocks.2.attentions.0.transformer_blocks.0.attn2.to_v.weight,1.0,0.12060225414848186,0.0056477864272892475,0.0
0.5,down_blocks.2.attentions.1.transformer_blocks.0.attn2.to_k.weight,1.0,0.12575424956701295,0.0092010498046875,0.0
0.5,down_blocks.2.attentions.1.transformer_blocks.0.attn2.to_v.weight,1.0,0.12214424875327919,0.007536824326962233,0.0
0.5,up_blocks.1.attentions.0.transformer_blocks.0.attn2.to_k.weight,1.0,0.12301355625929458,0.007414754014462233,0.0
0.5,up_blocks.1.attentions.0.transformer_blocks.0.attn2.to_v.weight,1.0,0.12138748032534648,0.00473836250603199,0.0
0.5,up_blocks.1.attentions.1.transformer_blocks.0.attn2.to_k.weight,1.0,0.12313649632451637,0.008485921658575535,0.0
0.5,up_blocks.1.attentions.1.transformer_blocks.0.attn2.to_v.weight,1.0,0.11868755925912237,0.004012044053524733,0.0
0.5,up_blocks.1.attentions.2.transformer_blocks.0.attn2.to_k.weight,1.0,0.12479200255926154,0.008837890811264515,0.0
0.5,up_blocks.1.attentions.2.transformer_blocks.0.attn2.to_v.weight,1.0,0.1174860020085458,0.0043080649338662624,0.0
0.5,up_blocks.2.attentions.0.transformer_blocks.0.attn2.to_k.weight,1.0,0.13255787505942718,0.01439819298684597,0.0
0.5,up_blocks.2.attentions.0.transformer_blocks.0.attn2.to_v.weight,1.0,0.11414902407128477,0.0039306641556322575,0.0
0.5,up_blocks.2.attentions.1.transformer_blocks.0.attn2.to_k.weight,1.0,0.13033157281786897,0.02071940153837204,0.0
0.5,up_blocks.2.attentions.1.transformer_blocks.0.attn2.to_v.weight,1.0,0.11689345830436002,0.00617268867790699,0.0
0.5,up_blocks.2.attentions.2.transformer_blocks.0.attn2.to_k.weight,1.0,0.13140348627008783,0.02209269255399704,0.0
0.5,up_blocks.2.attentions.2.transformer_blocks.0.attn2.to_v.weight,1.0,0.11132332928019742,0.004565429873764515,0.0
0.5,up_blocks.3.attentions.0.transformer_blocks.0.attn2.to_k.weight,1.0,0.15675609539785837,0.0484619140625,0.0
0.5,up_blocks.3.attentions.0.transformer_blocks.0.attn2.to_v.weight,1.0,0.1226113288737969,0.009464518167078495,0.0
0.5,up_blocks.3.attentions.1.transformer_blocks.0.attn2.to_k.weight,1.0,0.1718950988610355,0.0641886368393898,0.0
0.5,up_blocks.3.attentions.1.transformer_blocks.0.attn2.to_v.weight,1.0,0.11659299023948437,0.0065022786147892475,0.0
0.5,up_blocks.3.attentions.2.transformer_blocks.0.attn2.to_k.weight,1.0,0.16576251232986694,0.07503662258386612,0.0
0.5,up_blocks.3.attentions.2.transformer_blocks.0.attn2.to_v.weight,1.0,0.11571198693824433,0.006640625186264515,0.0
0.5,mid_block.attentions.0.transformer_blocks.0.attn2.to_k.weight,1.0,0.1294204199157907,0.01219889335334301,0.0
0.5,mid_block.attentions.0.transformer_blocks.0.attn2.to_v.weight,1.0,0.12671090717926245,0.00989583320915699,0.0
0.75,down_blocks.0.attentions.0.transformer_blocks.0.attn2.to_k.weight,1.0,0.19145934335836043,0.07996012270450592,0.0
0.75,down_blocks.0.attentions.0.transformer_blocks.0.attn2.to_v.weight,1.0,0.144463180965986,0.02146402932703495,0.0
0.75,down_blocks.0.attentions.1.transformer_blocks.0.attn2.to_k.weight,1.0,0.2443856158928022,0.11601969599723816,0.0
0.75,down_blocks.0.attentions.1.transformer_blocks.0.attn2.to_v.weight,1.0,0.16823350922987787,0.0321044921875,0.0
0.75,down_blocks.1.attentions.0.transformer_blocks.0.attn2.to_k.weight,1.0,0.15153553724894767,0.03818155825138092,0.0
0.75,down_blocks.1.attentions.0.transformer_blocks.0.attn2.to_v.weight,1.0,0.1364076496143561,0.009950765408575535,0.0
0.75,down_blocks.1.attentions.1.transformer_blocks.0.attn2.to_k.weight,1.0,0.19278777521645463,0.06232299655675888,0.0
0.75,down_blocks.1.attentions.1.transformer_blocks.0.attn2.to_v.weight,1.0,0.140894836823182,0.01397094689309597,0.0
0.75,down_blocks.2.attentions.0.transformer_blocks.0.attn2.to_k.weight,1.0,0.14821904151888018,0.02414245530962944,0.0
0.75,down_blocks.2.attentions.0.transformer_blocks.0.attn2.to_v.weight,1.0,0.12926247553924158,0.008069864474236965,0.0
0.75,down_blocks.2.attentions.1.transformer_blocks.0.attn2.to_k.weight,1.0,0.13745294742848413,0.01624145545065403,0.0
0.75,down_blocks.2.attentions.1.transformer_blocks.0.attn2.to_v.weight,1.0,0.12846665043661448,0.0092315673828125,0.0
0.75,up_blocks.1.attentions.0.transformer_blocks.0.attn2.to_k.weight,1.0,0.12985225982659035,0.012340291403234005,0.0
0.75,up_blocks.1.attentions.0.transformer_blocks.0.attn2.to_v.weight,1.0,0.12521376551299362,0.0047281901352107525,0.0
0.75,up_blocks.1.attentions.1.transformer_blocks.0.attn2.to_k.weight,1.0,0.12976800502897576,0.013194783590734005,0.0
0.75,up_blocks.1.attentions.1.transformer_blocks.0.attn2.to_v.weight,1.0,0.12252390853381777,0.0037963867653161287,0.0
0.75,up_blocks.1.attentions.2.transformer_blocks.0.attn2.to_k.weight,1.0,0.13418427584952447,0.01483764685690403,0.0
0.75,up_blocks.1.attentions.2.transformer_blocks.0.attn2.to_v.weight,1.0,0.1220906754092339,0.00429585762321949,0.0
0.75,up_blocks.2.attentions.0.transformer_blocks.0.attn2.to_k.weight,1.0,0.16546732159679253,0.0344034843146801,0.0
0.75,up_blocks.2.attentions.0.transformer_blocks.0.attn2.to_v.weight,1.0,0.12232092046424421,0.0054687499068677425,0.0
0.75,up_blocks.2.attentions.1.transformer_blocks.0.attn2.to_k.weight,1.0,0.15410429419888236,0.03766072541475296,0.0
0.75,up_blocks.2.attentions.1.transformer_blocks.0.attn2.to_v.weight,1.0,0.12682105765296048,0.008465575985610485,0.0
0.75,up_blocks.2.attentions.2.transformer_blocks.0.attn2.to_k.weight,1.0,0.15147644946331662,0.03795979917049408,0.0
0.75,up_blocks.2.attentions.2.transformer_blocks.0.attn2.to_v.weight,1.0,0.12222458363056549,0.0066324868239462376,0.0
0.75,up_blocks.3.attentions.0.transformer_blocks.0.attn2.to_k.weight,1.0,0.2546354175269142,0.12078450620174408,0.0
0.75,up_blocks.3.attentions.0.transformer_blocks.0.attn2.to_v.weight,1.0,0.16315752113236004,0.03227132186293602,0.0
0.75,up_blocks.3.attentions.1.transformer_blocks.0.attn2.to_k.weight,1.0,0.27830592801336484,0.1456298828125,0.0
0.75,up_blocks.3.attentions.1.transformer_blocks.0.attn2.to_v.weight,1.0,0.15076913395788152,0.02249348908662796,0.0
0.75,up_blocks.3.attentions.2.transformer_blocks.0.attn2.to_k.weight,1.0,0.27740846623712156,0.15725503861904144,0.0
0.75,up_blocks.3.attentions.2.transformer_blocks.0.attn2.to_v.weight,1.0,0.1612816842692419,0.02349446527659893,0.0
0.75,mid_block.attentions.0.transformer_blocks.0.attn2.to_k.weight,1.0,0.14932452308039726,0.02409566193819046,0.0
0.75,mid_block.attentions.0.transformer_blocks.0.attn2.to_v.weight,1.0,0.13505314205484228,0.01430460624396801,0.0
0.85,down_blocks.0.attentions.0.transformer_blocks.0.attn2.to_k.weight,1.0,0.2235763296781576,0.10299886018037796,0.0
0.85,down_blocks.0.attentions.0.transformer_blocks.0.attn2.to_v.weight,1.0,0.16277734648130487,0.03074544295668602,0.0
0.85,down_blocks.0.attentions.1.transformer_blocks.0.attn2.to_k.weight,1.0,0.2987438654726706,0.15000000596046448,0.0
0.85,down_blocks.0.attentions.1.transformer_blocks.0.attn2.to_v.weight,1.0,0.1994653736320541,0.05240478366613388,0.0
0.85,down_blocks.1.attentions.0.transformer_blocks.0.attn2.to_k.weight,1.0,0.1685804785819504,0.04792683944106102,0.0
0.85,down_blocks.1.attentions.0.transformer_blocks.0.attn2.to_v.weight,1.0,0.14905108289032198,0.015620931051671505,0.0
0.85,down_blocks.1.attentions.1.transformer_blocks.0.attn2.to_k.weight,1.0,0.2235374138365311,0.07990112155675888,0.0
0.85,down_blocks.1.attentions.1.transformer_blocks.0.attn2.to_v.weight,1.0,0.15777681568390609,0.02173665352165699,0.0
0.85,down_blocks.2.attentions.0.transformer_blocks.0.attn2.to_k.weight,1.0,0.1651286152891978,0.03358662873506546,0.0
0.85,down_blocks.2.attentions.0.transformer_blocks.0.attn2.to_v.weight,1.0,0.13494183629173268,0.010379028506577015,0.0
0.85,down_blocks.2.attentions.1.transformer_blocks.0.attn2.to_k.weight,1.0,0.14903668584274068,0.02189534530043602,0.0
0.85,down_blocks.2.attentions.1.transformer_blocks.0.attn2.to_v.weight,1.0,0.13343668063434222,0.011180623434484005,0.0
0.85,up_blocks.1.attentions.0.transformer_blocks.0.attn2.to_k.weight,1.0,0.13738744004645964,0.01617431640625,0.0
0.85,up_blocks.1.attentions.0.transformer_blocks.0.attn2.to_v.weight,1.0,0.12739706019601904,0.0052317301742732525,0.0
0.85,up_blocks.1.attentions.1.transformer_blocks.0.attn2.to_k.weight,1.0,0.13636597309093232,0.01691487617790699,0.0
0.85,up_blocks.1.attentions.1.transformer_blocks.0.attn2.to_v.weight,1.0,0.1245860205116925,0.0041442872025072575,0.0
0.85,up_blocks.1.attentions.2.transformer_blocks.0.attn2.to_k.weight,1.0,0.14252028296593672,0.01899007149040699,0.0
0.85,up_blocks.1.attentions.2.transformer_blocks.0.attn2.to_v.weight,1.0,0.12495937790203226,0.004852294921875,0.0
0.85,up_blocks.2.attentions.0.transformer_blocks.0.attn2.to_k.weight,1.0,0.18871777304869053,0.04608561098575592,0.0
0.85,up_blocks.2.attentions.0.transformer_blocks.0.attn2.to_v.weight,1.0,0.12721958112426543,0.0069376626051962376,0.0
0.85,up_blocks.2.attentions.1.transformer_blocks.0.attn2.to_k.weight,1.0,0.173396804702081,0.04733072966337204,0.0
0.85,up_blocks.2.attentions.1.transformer_blocks.0.attn2.to_v.weight,1.0,0.13265675228573293,0.01055297814309597,0.0
0.85,up_blocks.2.attentions.2.transformer_blocks.0.attn2.to_k.weight,1.0,0.16758246096212126,0.04616088792681694,0.0
0.85,up_blocks.2.attentions.2.transformer_blocks.0.attn2.to_v.weight,1.0,0.12865420577234693,0.00853881798684597,0.0
0.85,up_blocks.3.attentions.0.transformer_blocks.0.attn2.to_k.weight,1.0,0.3129131930548429,0.15884603559970856,0.0
0.85,up_blocks.3.attentions.0.transformer_blocks.0.attn2.to_v.weight,1.0,0.19889536444853725,0.0544230155646801,0.0
0.85,up_blocks.3.attentions.1.transformer_blocks.0.attn2.to_k.weight,1.0,0.34104276151800655,0.18745523691177368,0.0
0.85,up_blocks.3.attentions.1.transformer_blocks.0.attn2.to_v.weight,1.0,0.1743912613161676,0.03697509691119194,0.0
0.85,up_blocks.3.attentions.2.transformer_blocks.0.attn2.to_k.weight,1.0,0.34824253626342344,0.20172525942325592,0.0
0.85,up_blocks.3.attentions.2.transformer_blocks.0.attn2.to_v.weight,1.0,0.18946283447177426,0.04233398288488388,0.0
0.85,mid_block.attentions.0.transformer_blocks.0.attn2.to_k.weight,1.0,0.16575959699134776,0.032318115234375,0.0
0.85,mid_block.attentions.0.transformer_blocks.0.attn2.to_v.weight,1.0,0.14029170898159563,0.01769104041159153,0.0
