alpha,M,median_budget_ratio,frac_wider
0.5,1,1.0292144648804402,0.5871805826822917
0.5,2,0.7415203607575206,0.1593475341796875
0.5,4,0.434487942129425,0.04873148600260417
0.5,8,0.24035988539924846,0.029876708984375
0.5,16,0.1307478982469295,0.02108968098958333
0.5,32,0.07409928582193345,0.017337036132812497
0.75,1,1.1600909719809473,0.7794326782226563
0.75,2,0.8299486665659406,0.302362060546875
0.75,4,0.49294961885629973,0.106170654296875
0.75,8,0.27756471970605956,0.05544637044270834
0.75,16,0.15154115209037472,0.038104248046875
0.75,32,0.08778700241059198,0.03169047037760417
0.85,1,1.2568080433927327,0.8414713541666667
0.85,2,0.8881030845271225,0.3831787109375
0.85,4,0.5355078421919963,0.1487457275390625
0.85,8,0.30552970284533043,0.07366739908854167
0.85,16,0.16857313757459216,0.047808837890625
0.85,32,0.09894808040873138,0.039947509765625
